1,-0.239,-,-0.597,-0.914,-,-,0.779
2,0.868,-,0.826,0.678,-0.344,0.068,0.775
3,-0.014,-,0.047,0.889,-0.428,-0.207,-0.779
4,-0.213,-0.253,-,-0.892,0.041,0.129,-0.903
5,-,0.003,-,0.865,0.487,-0.208,0.975
6,0.164,-0.116,-,0.318,-,-,-0.694
7,-0.87,0.764,-,0.124,0.65,-0.345,0.024
8,-,-0.962,0.497,0.183,0.066,-0.326,-
9,0.008,0.185,-0.737,0.318,-0.868,0.601,0.921
10,0.468,0.567,-0.045,-0.461,0.912,0.394,0.128
11,-,0.652,-,-,-0.867,-,0.19
12,-,-0.696,0.806,-0.299,-0.929,0.459,-0.415
13,0.631,-,-0.902,-0.719,0.575,-,-
14,-0.438,-0.708,-0.373,0.353,0.492,-,-0.354
15,-0.393,0.069,-0.512,-,-,-,0.021
16,0.055,-0.382,-0.015,0.069,0.813,-0.65,0.831
17,-,0.949,0.661,0.721,-0.311,-0.82,-
18,-0.039,-0.736,-0.443,-0.133,-0.095,0.656,-0.124
19,-0.747,0.411,-,-0.444,-0.364,-0.258,-0.63
20,-0.983,-0.677,0.635,0.669,-0.104,-0.035,-
21,-,0.636,0.582,-0.487,0.497,-0.167,-0.296
22,0.589,-0.594,-0.062,-,-0.802,-0.644,0.408
23,-0.216,-,-,-0.338,-0.346,-0.63,-0.402
24,0.792,-0.163,-0.896,-0.505,0.284,-0.2,0.997
25,-0.47,0.757,0.537,-0.924,-0.362,0.883,0.919
26,-0.809,-,-0.662,-,-0.106,0.894,-
27,-,-,-0.074,-0.991,0.785,-0.88,0.134
28,-0.95,0.158,-,-0.901,0.362,0.755,-0.997
29,0.656,-0.255,-,-0.019,-,-0.382,0.349
30,0.36,-,0.02,0.726,-,0.701,0.701
31,-0.182,-0.527,-0.831,0.99,0.844,-0.39,-0.909
32,0.241,-0.584,-0.404,-,0.955,-,0.393
33,-0.06,0.148,-0.179,-0.632,-0.275,-,-0.016
34,-0.557,0.098,0.485,-0.602,-0.636,0.214,0.323
35,0.965,-0.86,-0.055,0.521,-0.735,-0.17,0.825
36,-0.083,-,0.227,0.176,-,0.168,-0.342
37,-0.577,-0.819,0.366,-0.742,0.287,-0.084,0.196
38,-0.99,-0.493,-0.374,0.745,-0.783,-,-0.501
39,0.872,0.87,0.829,-0.803,-0.357,-0.659,-
40,0.906,-0.605,0.267,-,-0.794,-0.196,-0.884
41,0.023,0.275,-0.458,0.438,-0.929,0.157,-
42,0.994,-,0.385,-0.451,-0.966,0.222,0.006
43,-,0.423,-0.452,0.044,-,-0.86,-
44,0.705,0.78,0.393,-0.374,0.105,0.432,0.265
45,-0.78,-0.262,-,0.04,-0.847,0.039,0.772
46,0.833,0.753,0.417,0.307,-,-0.295,0.127
47,-0.082,-,0.82,-0.735,0.505,0.312,0.341
48,-0.688,0.785,-0.282,-0.782,0.477,0.881,0.73
49,0.908,0.751,-0.927,-0.831,-0.188,-0.045,-0.118
50,0.329,-0.337,-0.206,-,-0.188,0.719,0.089
51,-0.382,0.927,-0.267,-0.357,-0.468,0.1,-0.589
52,0.378,-0.133,-0.691,-0.272,0.135,-0.423,0.973
53,-0.071,-0.026,-0.304,0.681,0.362,0.743,-0.566
54,-0.273,-0.945,-0.694,0.777,0.196,0.857,-0.589
55,-0.235,-0.293,-,0.726,-,-0.539,0.632
56,-0.49,0.526,0.213,0.642,-0.901,-,-0.957
57,0.679,0.169,0.504,-0.13,0.634,0.673,-0.099
58,-0.032,0.918,0.078,0.991,-0.532,0.505,0.901
59,-,-0.123,0.012,0.243,0.027,-0.415,-
60,-0.191,0.916,-0.475,-0.615,-0.571,0.662,0.347
61,-,-0.599,-0.235,0.09,0.393,-0.06,-0.084
62,-0.009,0.031,0.512,0.011,0.558,0.922,0.589
63,0.108,-0.684,0.15,0.455,0.144,-0.696,-0.662
64,0.081,0.501,-0.231,-,-0.428,-,-0.236
65,0.111,-,0.165,-0.312,-0.226,-0.157,0.562
66,0.149,0.686,-0.946,0.822,0.399,-0.144,-
67,-0.162,-0.822,-0.574,-0.054,-0.647,-0.596,-0.777
68,0.1,0.516,-0.469,-0.256,0.835,0.877,0.11
69,-0.558,-0.266,-,0.267,-,-,0.479
70,-0.24,0.291,-,-0.227,-0.057,-0.503,-0.497
71,-0.366,-0.355,-,0.52,-0.905,-0.13,-
72,0.817,0.0,-0.224,-0.279,-0.828,-,-0.937
73,-,-0.395,-0.872,-,0.667,0.422,-0.871
74,0.655,-,-0.169,-,0.224,0.962,-0.196
75,-,-0.245,0.682,0.136,-0.826,-,-0.343
76,-0.362,-0.034,-0.087,-0.697,0.243,0.17,-0.832
77,-0.721,0.878,-0.225,-0.925,0.184,0.125,-
78,-0.911,0.222,-0.482,-0.075,0.753,0.817,0.179
79,-,-0.68,-0.52,-,-0.855,0.762,-0.392
80,-0.439,0.541,0.649,-0.596,-0.031,-0.524,-
81,0.337,-0.837,0.165,0.6,0.623,-,-
82,-0.326,-,0.306,-0.368,-0.354,0.754,0.717
83,0.843,-0.333,-0.088,-,0.774,-,0.121
84,-,-0.292,-0.492,0.427,0.384,-0.002,0.643
85,-0.836,-0.92,-0.72,-,0.76,-,-
86,-0.546,0.582,0.682,-0.215,-0.26,0.401,-0.412
87,-0.375,-0.787,-0.066,0.448,-0.564,-0.152,0.932
88,0.056,0.182,0.057,0.305,0.594,-0.119,0.529
89,0.806,-0.783,-,-0.308,0.788,-0.751,0.68
90,0.299,0.446,-0.672,-0.489,0.47,0.845,0.188
91,0.492,0.511,-0.486,-0.37,-0.241,0.075,0.908
92,-0.542,-0.771,-0.047,-,0.883,-0.907,0.118
93,-0.157,-0.829,-0.136,-0.681,0.551,-,0.846
94,-,0.203,0.643,-0.737,0.237,-0.939,-0.707
95,0.981,0.476,0.444,0.274,-0.523,-0.063,0.269
96,0.718,0.117,-0.04,-0.601,-0.544,-0.429,-0.058
97,0.119,-0.541,0.293,0.202,0.452,-0.888,-0.06
98,0.111,0.447,-0.617,-0.524,0.612,-0.686,-0.384
99,0.294,0.038,0.717,-0.594,0.388,-,-0.871
100,0.619,-0.415,-,0.055,-0.414,0.454,0.356
101,-0.323,-0.237,-0.414,-0.875,-,-0.576,0.611
102,-,-0.332,0.705,-0.632,-0.944,0.521,-0.537
103,-0.076,0.243,-0.199,-0.359,-0.491,-,-
104,-0.396,-0.05,0.75,-0.941,0.105,0.887,-
105,-0.945,0.711,-,0.447,-0.645,-0.521,-0.782
106,0.769,-0.695,-,-0.711,-0.304,0.176,-0.102
107,-0.936,-0.63,-,-0.881,-,0.17,-0.062
108,-,0.837,-,-0.953,-0.009,0.62,-0.888
109,-0.364,0.807,-0.722,-0.838,0.153,-0.147,-
110,-0.554,-0.303,-0.438,-0.636,-,-0.813,0.731
111,-0.446,0.424,0.412,0.383,-,-,0.912
112,-0.929,-0.157,0.218,0.439,-0.411,-0.631,-0.315
113,-0.737,0.062,0.839,0.626,-,-,0.703
114,-0.362,-,-0.055,-0.634,-0.37,0.546,0.19
115,-0.011,-,0.604,-0.992,0.403,0.633,-
116,-0.183,-0.653,0.84,-0.832,0.48,0.962,-0.758
117,0.662,0.533,0.912,-0.306,-0.299,-0.383,-0.138
118,-,-,0.06,-0.932,-0.067,-0.354,0.957
119,-0.122,0.011,-0.915,-0.161,-0.084,-0.864,-
120,-,-,-0.69,0.458,-,0.493,0.961
121,-0.346,-0.545,-,-0.671,-0.969,-0.482,0.404
122,0.684,0.601,0.418,0.366,-0.469,-0.525,-0.455
123,-0.773,-,0.556,0.459,0.287,-0.605,-0.645
124,-0.781,0.353,0.965,0.03,0.703,0.815,0.154
125,0.971,0.47,-0.978,-0.833,0.572,-0.372,-
126,-,-0.032,0.515,-0.585,0.224,0.017,-
127,-,-,-0.554,0.298,-,-0.028,0.62
128,-0.269,-0.008,-0.455,0.866,-0.677,-0.268,-0.49
129,0.453,-0.262,0.524,-0.414,0.707,0.242,-0.164
130,0.835,-,-0.945,-,-,-0.938,0.945
131,-,0.956,-,-0.425,-0.733,0.895,-0.557
132,0.558,-0.04,0.034,-0.965,-0.78,-0.515,-0.198
133,0.06,-0.43,0.325,0.108,0.62,-0.501,-0.499
134,-0.813,-,0.157,-0.977,-,-0.864,0.211
135,-0.812,-,-0.581,-,0.661,0.911,-0.907
136,0.672,-0.913,-,0.613,0.637,-0.426,0.04
137,-,-0.122,0.217,0.025,0.582,-0.038,-0.369
138,0.91,0.434,0.17,-0.034,0.586,-0.055,0.808
139,-0.116,0.27,0.67,0.334,0.098,-0.512,-0.102
140,-0.623,0.453,0.433,0.567,0.869,-0.175,0.022
141,0.768,-0.076,-0.504,-0.849,-0.554,0.608,0.4
142,-0.148,0.891,-,-0.469,0.794,-0.087,-0.424
143,-,-0.691,-0.976,-0.722,0.066,0.013,-0.265
144,-0.207,0.53,-0.712,-,0.689,-,-0.36
145,0.507,-,0.078,0.796,0.083,-0.102,-0.77
146,0.23,-0.432,0.175,0.191,0.507,-,-
147,0.799,0.898,-0.952,-,-0.825,0.903,0.649
148,-,-0.798,0.896,-0.596,-0.364,-,-0.151
149,-,0.937,-,0.091,-0.752,-0.639,-0.21
150,0.984,-,0.812,0.716,-0.87,0.546,0.978
151,-0.875,0.16,-0.003,-0.2,-0.765,0.786,0.699
152,0.006,-,0.567,-0.642,-,-0.193,-0.159
153,0.931,0.326,0.189,0.399,0.346,-0.096,0.069
154,-0.234,0.648,-0.072,0.149,0.45,-0.013,0.683
155,0.017,0.862,-,-0.375,-0.679,0.972,-0.224
156,0.042,0.413,-0.247,0.293,-,-,0.763
157,-0.636,0.893,-,-0.16,0.579,0.037,0.506
158,-0.422,-0.019,-0.603,-,-0.474,-,-0.202
159,-0.459,0.831,-,-,0.245,-0.623,-0.243
160,0.826,0.821,0.268,-0.524,-0.974,-0.734,0.169
161,-,0.162,0.582,-0.332,0.829,0.383,0.592
162,0.817,0.121,0.525,0.932,0.058,-0.674,0.146
163,0.508,-0.107,0.221,-0.723,-,-,0.167
164,-,-0.781,-0.917,0.445,0.335,0.109,-0.735
165,-0.282,0.132,-0.986,-0.089,0.117,0.747,0.968
166,0.118,-,-0.664,-0.868,0.337,-0.174,-0.3
167,-0.231,-0.055,0.434,-0.337,0.895,-,-0.938
168,0.265,-0.101,0.488,0.624,-0.883,-,0.152
169,0.284,0.459,-0.33,-0.474,0.078,0.698,-0.297
170,0.061,0.472,0.892,0.369,-0.166,0.659,-0.739
171,-0.366,0.925,-,-,-0.827,-,0.875
172,0.887,-0.474,-0.095,-0.764,0.749,0.664,-0.704
173,-0.611,-,-,-0.251,0.836,-0.264,0.894
174,0.739,0.171,-0.507,-0.466,-,-0.561,-
175,-,-0.847,-,-,0.373,-,0.535
176,-0.935,0.562,-0.92,-,-,0.841,0.776
177,-0.725,0.583,0.458,-,-,-0.729,0.826
178,-0.647,0.86,0.619,-,0.133,0.508,0.006
179,0.84,-,-,0.087,-0.235,-,0.182
180,-0.314,0.553,0.844,-,0.043,0.299,0.939
181,0.507,-0.934,0.987,0.296,0.955,-0.26,0.769
182,-0.924,0.094,0.929,-0.023,0.707,0.793,-0.856
183,-0.527,-0.9,-,0.5,0.464,-0.679,-
184,-0.967,0.018,-0.761,-0.431,-,0.464,0.032
185,-0.819,0.375,0.196,0.588,-0.333,-0.743,-0.467
186,0.024,0.728,0.539,-0.976,0.665,-0.237,-0.132
187,-,0.512,-,-,0.405,0.94,-0.16
188,0.413,-0.567,0.316,-0.825,-,-0.349,0.997
189,-,-0.965,-0.97,0.744,0.488,-0.516,-0.327
190,-,0.935,-0.954,-0.461,-0.794,-0.853,-0.162
191,0.915,0.231,-0.313,-,-0.689,0.297,-0.255
192,-,0.14,-0.915,-0.582,0.236,-0.266,-0.01
193,-,-0.582,-0.601,-0.088,0.941,-,0.943
194,0.013,0.0,0.702,0.7,0.255,0.471,-
195,-0.266,-0.585,0.048,-0.614,-,-0.57,-0.657
196,-,-0.61,-0.634,-,-,-0.902,0.339
197,0.99,0.388,0.31,0.806,-,0.554,0.455
198,0.376,-0.899,0.427,-,0.447,0.87,-0.544
199,0.365,0.968,-,-,-0.098,0.257,0.458
200,0.193,0.1,-0.549,0.049,0.494,-0.733,-0.244
201,-0.893,-0.733,-,-,0.52,0.154,0.565
202,-,0.175,-0.603,-0.979,0.936,0.574,-0.635
203,-0.62,0.873,-0.633,-0.64,-0.349,-,-
204,-0.186,-0.684,-0.452,-,-0.206,-0.406,-0.17
205,0.574,-0.949,-0.332,-,0.306,-0.891,-0.609
206,-0.583,0.712,-0.347,0.275,-0.523,-0.177,-
207,0.115,0.545,0.231,-,-0.948,0.062,-0.214
208,-0.398,0.737,-0.741,-,0.901,-0.942,0.055
209,0.506,0.496,0.739,-0.174,-,0.246,0.476
210,-0.343,0.295,-0.831,0.241,0.724,-0.27,0.011
211,0.223,-,0.404,0.326,-0.437,-0.627,-
212,-0.779,-0.757,-0.258,-0.319,-0.581,-0.334,-0.876
213,0.65,-0.057,-,0.344,-0.247,0.946,0.224
214,0.004,-,-0.588,-0.877,0.346,-,0.751
215,-0.555,-0.282,0.364,-0.502,-0.752,-,-
216,-0.333,-,-0.729,0.077,-0.082,0.601,-
217,0.645,-,-0.447,-,-0.202,0.358,0.225
218,-0.049,0.995,0.527,-,-,-0.94,0.045
219,-0.133,-0.825,-0.732,-,0.483,-0.138,0.59
220,0.077,0.621,-0.62,0.431,-0.503,-0.148,-0.574
221,-0.385,-0.388,-0.714,-0.926,0.37,0.612,-0.264
222,-0.018,0.58,0.071,-,-0.797,-0.18,-0.779
223,-,0.643,0.256,-0.971,0.18,-0.746,-
224,0.89,-,-0.947,-0.596,-0.586,-,0.637
225,-0.737,0.265,-0.119,0.672,-0.242,-0.246,0.393
226,-0.113,-0.285,-0.226,0.529,-0.21,-0.18,-0.387
227,0.418,0.049,-,-0.014,0.756,-0.447,-0.287
228,0.035,-0.495,0.977,-0.184,-,-0.87,-0.316
229,-,0.008,-,-0.124,0.629,-0.706,-0.187
230,0.374,-0.894,-,-,0.96,0.807,0.958
231,-,-0.696,-0.936,0.731,-0.853,0.347,-0.029
232,-0.741,-,0.508,0.416,-0.239,0.748,0.776
233,-0.763,0.238,0.079,-0.124,-,0.591,-0.698
234,-0.295,-0.283,0.197,-,-0.139,0.767,0.693
235,-,0.649,-0.297,0.337,-0.409,-,0.689
236,-0.846,-,-0.599,-0.619,0.585,-0.88,-0.238
237,0.57,-0.126,-0.537,-0.356,0.251,0.511,-0.153
238,0.146,-0.939,-0.8,-0.37,-0.183,-,0.383
239,0.934,-0.343,0.477,-0.287,0.533,0.045,-
240,-0.292,0.233,0.194,0.456,-,0.683,-0.426
241,-0.529,-0.81,0.034,-0.723,0.782,0.182,-
242,-0.735,0.825,0.708,-0.005,-0.045,-0.594,0.088
243,0.976,-,-,-0.636,-0.117,-0.748,0.759
244,-0.328,-0.266,-,0.966,-,0.118,-
245,0.294,-0.84,0.419,0.395,0.728,-0.003,-0.679
246,0.316,0.201,0.65,0.63,0.287,-,0.699
247,0.223,-,0.278,-,-0.414,0.522,-0.278
248,0.15,-0.267,0.995,0.006,-,-0.099,-0.161
249,-0.732,0.727,-0.881,-0.109,0.625,-0.487,0.862
250,-0.086,0.087,-0.299,-0.521,-,0.379,0.198
251,0.97,0.447,-,-0.273,0.566,0.021,-0.112
252,-0.788,-0.854,0.789,-0.302,-0.037,-0.957,0.93
253,-0.686,-0.84,-0.039,-0.996,-0.914,-0.875,0.208
254,-0.974,-,-0.125,-0.476,-0.706,0.792,0.384
255,-0.817,-0.691,-,0.076,0.876,0.075,-0.319
256,-0.652,0.463,0.978,-0.336,-0.849,0.73,-
257,0.908,-0.687,0.956,-0.022,-0.5,-0.847,-0.689
258,-,0.991,-,-,-,0.182,0.593
259,-,0.551,-0.464,0.682,0.236,-0.017,-0.446
260,-0.069,-0.715,-0.262,0.486,0.52,0.334,0.356
261,-0.878,-0.517,-,0.929,-0.25,-0.809,0.935
262,-,0.845,0.556,-0.626,0.629,-0.179,0.97
263,-,-0.652,-0.865,0.354,-0.582,-0.637,0.773
264,-,-0.922,-0.1,-0.642,-0.238,-0.635,-
265,0.592,0.656,-,0.346,-0.761,0.655,-
266,0.954,-0.246,-,-,0.825,0.927,0.797
267,0.996,-0.662,-0.271,-0.753,-0.608,0.955,0.556
268,-,-0.527,-,0.227,-,0.634,-0.653
269,-0.629,0.896,-0.063,-0.877,0.862,0.553,0.826
270,-0.925,-,0.127,-0.284,-0.292,-0.989,-0.743
271,0.298,-0.068,-,0.581,-0.145,0.017,-
272,-,0.225,0.621,0.603,0.221,-,0.237
273,0.747,0.771,-0.743,-0.29,-0.607,-,0.665
274,-0.298,-,-,-0.369,-0.795,0.268,0.477
275,-0.306,0.706,0.136,-0.964,-0.858,0.51,-0.025
276,0.807,0.752,-0.254,-,-0.115,0.549,-0.385
277,-0.409,-,-0.43,0.01,0.111,-0.088,0.452
278,-0.462,0.895,0.629,0.492,-,0.251,-
279,-0.512,0.462,0.64,0.719,-0.749,-,0.306
280,-0.935,-,0.002,-0.72,-,-,0.561
281,-0.583,-0.281,0.571,0.316,0.423,-0.093,-0.616
282,-0.437,-0.868,0.09,-0.087,-0.019,-0.628,0.468
283,0.812,-0.23,-0.83,0.672,-,0.193,-0.679
284,-0.912,-,-0.749,-,-0.272,-0.846,-0.994
285,-0.562,-,-0.05,-0.468,-,-0.524,-0.681
286,-0.032,0.493,0.796,-,-0.488,-0.4,0.624
287,-,-0.086,0.777,-,0.638,0.964,-0.974
288,0.096,-0.656,0.84,-0.013,0.144,0.357,0.615
289,0.701,0.516,0.912,-0.733,-0.524,-0.021,-0.199
290,-0.713,0.531,-0.517,-0.018,0.774,0.008,0.385
291,-0.483,0.28,0.945,0.146,-,-0.45,-0.404
292,0.637,0.788,-0.54,0.757,0.361,0.688,0.851
293,0.975,-0.504,-0.153,-0.601,-0.917,0.196,-0.268
294,-0.565,0.953,0.462,0.051,-,0.673,0.48
295,0.928,-0.378,0.644,-0.558,0.943,0.498,-0.325
296,0.487,-,0.851,-0.363,-0.312,-0.855,-
297,0.092,0.4,-0.131,0.126,-0.125,0.285,-0.52
298,-0.983,0.761,0.288,0.186,-0.883,-,0.76
299,0.204,0.362,-0.155,-0.107,0.621,0.332,0.799
300,-0.583,-0.962,-,0.528,0.761,-0.347,-0.855
301,0.859,0.611,-0.843,-0.532,0.887,-,0.532
302,0.501,0.098,-0.303,-0.522,-0.251,-0.885,0.833
303,-,0.819,-,0.818,0.563,0.464,-0.875
304,-0.637,-0.972,0.942,0.244,0.723,1.0,-
305,-0.224,0.172,-,-0.482,-0.877,-0.435,-0.581
306,0.772,-,-,-0.178,0.482,0.096,0.485
307,0.783,0.193,0.832,-0.47,-0.917,0.071,-0.596
308,-,-0.201,0.885,0.761,-0.574,0.217,-0.392
309,-,0.778,-0.582,0.639,-,-0.114,-
310,-,-0.845,-0.902,0.954,-0.87,-0.685,0.008
311,-,-0.976,-,0.02,-0.668,0.511,-0.506
312,-0.068,0.977,-,-,0.531,-0.838,-0.351
313,-0.621,0.686,-0.355,0.922,0.578,-,-0.481
314,0.967,0.927,0.015,0.463,-,0.615,0.337
315,-0.354,-0.476,0.378,0.179,-0.32,-0.176,-0.637
316,-,-0.008,0.11,0.977,-0.332,-0.332,0.061
317,0.947,-,-0.575,0.154,-0.993,0.226,0.155
318,-,0.978,-,0.541,0.59,-0.291,-0.195
319,0.776,-0.016,-0.437,-,0.083,0.827,0.08
320,-,-,-0.73,0.592,0.956,0.885,-0.139
321,0.182,-0.778,-0.368,0.52,-,0.803,0.791
322,-,0.662,0.62,-0.016,-0.206,-,-0.487
323,0.328,0.78,-0.866,-0.157,-0.903,0.765,-
324,0.483,-,-0.025,-0.207,0.581,0.695,0.086
325,-0.623,-0.908,0.174,0.793,-0.524,-0.194,-0.973
326,-0.104,-0.744,-0.623,0.192,-0.948,0.435,-0.192
327,-0.872,0.54,-,0.911,0.488,-0.181,-
328,0.426,0.638,-,0.1,-0.783,-,0.946
329,-0.912,0.527,0.925,-0.236,-0.872,-0.189,-
330,-0.435,-,0.445,0.045,-0.603,-,0.789
331,0.665,-,-0.652,-0.623,-0.453,-0.552,0.586
332,-0.392,0.409,-,0.737,0.148,0.924,-0.394
333,-,-,0.77,-,0.672,0.108,-0.988
334,-0.9,-0.844,-0.121,-,0.39,-,0.572
335,0.196,0.872,0.247,-0.873,0.83,0.596,0.359
336,-0.592,0.422,-,-0.533,-,0.567,0.222
337,-0.127,-0.048,-0.818,-0.521,-0.016,0.908,0.216
338,0.773,0.31,-0.165,-,0.346,0.741,-0.93
339,-0.124,-0.546,-,-0.72,-,-0.436,0.294
340,0.389,-0.08,-0.074,0.355,0.274,-0.007,-
341,0.446,-0.633,-0.711,0.808,0.06,0.016,-0.964
342,-0.255,0.344,-0.449,-,0.024,0.704,-0.243
343,-,-0.669,0.725,-,-0.027,-0.495,-
344,-0.25,0.081,0.346,0.69,-,0.072,0.919
345,-0.278,-,-0.576,-0.848,-0.76,0.42,0.297
346,-,-0.85,0.683,0.344,0.658,-0.007,-0.02
347,-,-0.13,0.752,0.933,-,-0.341,-0.552
348,0.807,-0.417,-0.263,0.181,-0.827,0.968,-0.369
349,0.041,0.928,-0.18,-0.194,-0.888,0.031,-0.753
350,0.231,0.174,0.627,-0.336,-,-,-
351,0.404,0.963,-0.766,-0.73,0.16,-0.641,-
352,-0.354,-0.349,-0.435,-0.708,-0.535,0.117,-
353,-0.3,0.055,-0.11,-0.456,0.468,0.759,-0.036
354,0.669,0.779,-,-0.175,-0.872,0.386,0.593
355,0.091,-0.341,-0.691,-,0.844,0.326,0.574
356,0.607,-0.484,-0.255,-0.96,-0.707,-0.228,-
357,0.25,-0.406,-,0.371,0.917,0.949,-0.756
358,-0.497,-,0.326,0.064,0.91,-0.729,-0.189
359,0.416,-,-,-0.313,-0.917,0.128,-0.116
360,0.225,-0.523,0.326,-,0.444,0.562,-0.638
361,0.991,-0.716,0.438,0.594,0.407,0.56,0.573
362,-,0.825,-0.517,0.964,-,-0.983,-
363,-,-0.026,-0.294,-0.125,0.663,0.684,-0.545
364,-,0.441,0.775,-,0.228,-0.175,-
365,-0.563,-,-0.374,-0.242,-,0.79,-
366,0.441,0.103,-0.616,-0.884,-0.493,0.352,-0.025
367,-0.517,0.058,-0.116,0.983,-0.293,0.006,-
368,-0.111,0.505,-,-0.34,0.724,0.895,0.635
369,0.302,0.938,-0.745,-0.404,0.915,0.049,0.245
370,-0.515,0.991,0.126,-,0.172,-,0.682
371,-0.265,-0.98,0.404,0.842,-,0.01,-0.516
372,-0.154,-,-0.566,0.968,-,-0.186,0.163
373,-0.088,0.298,0.363,-0.107,-0.743,0.247,-
374,0.558,-0.649,-0.84,0.092,0.162,-,0.606
375,-0.134,-0.395,-0.754,-,0.893,0.59,-
376,-0.379,0.418,0.748,-0.312,0.918,0.249,0.469
377,-0.096,-,-0.866,-0.986,-0.066,-0.192,-0.332
378,-0.513,-0.778,-,0.773,0.328,0.156,-0.119
379,0.209,0.238,-0.039,-0.955,0.831,0.675,0.102
380,0.711,-0.893,0.005,-,0.784,0.378,-0.55
381,-0.413,0.149,-,0.003,0.56,-0.858,-0.588
382,-0.406,0.715,0.861,0.351,-0.516,-0.374,-
383,0.939,-0.397,-0.818,0.319,0.055,0.569,-0.12
384,0.662,-0.859,-0.975,-0.036,0.389,0.673,-0.922
385,-,0.841,-0.908,0.668,-0.135,-,0.719
386,-0.666,-0.09,-0.726,-,0.009,-0.577,-0.609
387,0.376,0.038,-0.563,0.846,0.902,-,-0.729
388,0.238,0.07,0.047,0.204,0.445,-0.76,-0.961
389,0.897,-0.736,0.955,-,-0.285,0.817,-
390,0.455,0.998,-0.44,-0.482,-0.92,0.425,-0.028
391,0.591,-0.268,0.57,-,0.534,-0.22,-
392,-0.397,0.872,0.399,-,-,0.178,-0.92
393,0.713,0.894,0.682,0.1,0.232,-,0.28
394,-0.055,-0.706,0.861,-,0.566,-0.652,0.821
395,0.886,-0.37,-,0.347,-0.459,0.061,0.334
396,-0.227,-0.739,-0.414,0.953,0.351,0.827,0.329
397,0.228,-0.727,-0.295,-0.516,-,-0.97,0.686
398,0.09,0.264,0.011,-0.608,-,0.686,-0.513
399,0.534,0.75,-0.137,0.942,-0.004,-,0.271
400,-0.528,0.459,-0.31,-0.281,-0.411,-0.787,-
401,0.588,-0.791,0.451,-0.016,-0.793,0.912,-
402,0.709,0.699,-0.758,0.675,-0.81,-0.638,-0.816
403,-0.877,0.568,0.042,-0.696,-0.061,-0.291,-
404,-,-0.588,-,0.878,-0.792,-0.09,-0.27
405,-0.163,-0.218,-0.603,-0.255,-,0.647,-0.541
406,0.994,-0.662,-0.018,-0.691,-0.996,-0.706,0.274
407,0.753,-0.979,0.925,0.377,-0.601,0.922,-0.01
408,0.738,-,0.761,-,-0.058,-0.798,-
409,-0.382,0.671,-0.312,-0.837,-0.207,0.921,0.894
410,-0.875,0.765,-0.777,-0.028,0.214,-0.12,0.319
411,-,-,-0.83,-,-,-0.107,0.766
412,0.81,-0.726,0.131,-,-0.339,-0.419,-0.902
413,0.528,-0.364,-0.719,-0.335,0.199,0.789,-0.577
414,0.922,0.419,-0.17,-0.701,0.569,0.824,-0.824
415,-,0.042,-0.128,-0.335,0.691,0.641,0.114
416,-0.676,0.784,-0.194,-0.771,-0.15,0.344,-0.005
417,-,-0.362,-0.668,-0.429,0.279,-0.378,-
418,-0.533,0.963,0.592,-0.348,-,-0.088,-0.172
419,0.581,-0.745,-0.903,0.294,0.883,-0.085,-0.04
420,-0.725,-0.387,0.403,0.317,-0.387,-0.792,-
421,-0.669,-0.814,-,0.154,0.035,0.748,-0.704
422,-0.267,0.008,-0.637,-,-0.842,-0.481,0.602
423,-0.971,0.261,0.53,0.998,-0.86,-0.601,-0.87
424,0.087,-0.464,0.667,-0.316,0.131,-0.206,-0.962
425,-,-0.017,0.347,0.668,0.609,0.297,0.727
426,-,0.712,0.52,-0.663,0.108,-0.689,-0.318
427,-0.898,-0.527,-0.329,0.228,0.513,0.013,-0.909
428,-0.709,-0.505,0.035,-,0.671,-0.362,0.558
429,0.021,-0.651,-0.515,-0.226,-,-0.18,0.249
430,0.035,0.014,0.256,-0.15,-0.566,0.966,-
431,-,-0.767,0.795,0.572,-0.899,-0.643,0.03
432,0.549,0.412,0.97,-,-0.641,0.938,0.918
433,0.332,-0.405,0.447,0.552,-0.941,0.787,-0.98
434,0.25,-0.745,0.02,-0.671,0.28,0.767,0.696
435,-0.616,-0.16,-,-0.208,-0.828,-0.75,-0.864
436,0.877,-0.066,-,-,-,-0.755,0.946
437,0.192,-0.659,-0.559,-0.472,0.479,0.652,-0.767
438,0.614,0.867,-,-0.845,-,-,-
439,0.324,-,-0.497,0.886,-0.599,-0.416,0.514
440,0.051,0.186,0.37,-0.671,-0.897,-0.969,-0.523
441,0.155,0.786,-0.365,0.396,-0.719,-0.568,-0.551
442,-0.624,0.642,0.253,0.997,0.732,0.572,-
443,-0.137,0.158,0.508,-0.313,0.259,0.716,-
444,0.424,-,0.529,-0.635,-,-0.565,-0.237
445,-0.197,-0.195,-,0.277,-0.891,-0.819,-0.544
446,-0.034,-0.245,-,-0.878,0.383,0.194,0.73
447,-0.868,-0.442,-,-0.98,0.973,0.129,-
448,-0.236,-0.29,0.089,0.825,0.61,-,-0.025
449,0.825,-0.95,-0.352,0.321,0.059,0.974,-0.255
450,-0.436,-0.287,-,0.91,-,-0.71,0.043
451,-0.17,-,0.125,-0.504,0.197,-0.643,0.291
452,-0.42,0.067,0.391,-0.808,0.607,-,-
453,0.465,0.838,-0.094,0.337,0.535,-0.093,-0.425
454,-0.708,0.91,0.073,-,0.856,-0.901,-0.255
455,0.279,-0.128,0.404,0.314,0.213,-,0.02
456,0.742,0.94,-,-,-0.811,-,-
457,0.7,-0.961,-,-0.614,-0.148,0.353,0.401
458,0.894,-0.563,0.53,0.063,0.307,-0.575,-0.055
459,-,0.352,-,-0.077,-0.14,-0.308,0.663
460,-0.862,-,0.155,0.941,0.454,0.644,-0.429
461,-0.693,0.92,0.726,0.999,0.091,-,-
462,-0.437,0.561,0.991,-0.206,0.232,-0.024,0.551
463,-0.23,-0.07,0.325,-,0.522,0.253,0.107
464,-0.896,0.51,0.872,-0.114,0.405,0.764,-0.907
465,0.196,0.49,0.987,-,0.593,0.901,-0.785
466,0.826,-0.623,0.488,0.504,0.384,0.206,-0.297
467,-0.677,-,-,-0.585,-,-0.331,0.012
468,0.118,0.959,-,-0.113,0.686,-0.391,0.49
469,-0.964,-,-0.724,-0.206,-0.278,-,-0.042
470,-0.745,-0.722,-0.783,-0.095,0.597,-0.255,0.537
471,0.373,0.865,-0.326,-0.558,-0.705,-0.802,-0.283
472,0.747,-0.704,-0.475,0.361,0.502,-0.134,-0.227
473,0.502,-0.881,-0.355,-0.104,-0.685,-0.71,0.142
474,-0.279,-0.81,-0.888,0.057,0.407,0.808,-0.141
475,-0.906,-,0.012,-0.166,0.537,-,-0.292
476,0.64,0.428,-,-,0.408,-0.933,0.395
477,0.017,0.487,-,0.054,0.985,-0.374,0.188
478,-0.295,0.881,0.263,0.083,-0.601,-,-
479,-,-0.455,-0.086,-0.101,-,0.909,0.984
480,0.345,0.32,-0.976,-,-0.75,0.907,-
481,0.971,0.74,-0.993,-,-0.153,-0.213,-0.645
482,-0.057,0.106,-0.677,0.438,-0.869,0.919,-0.059
483,-0.293,0.812,0.584,0.029,0.572,-0.267,-0.283
484,0.205,0.235,-0.219,-0.547,-,0.404,-0.619
485,0.528,-,0.633,-,0.28,0.624,0.998
486,-0.254,-0.29,-0.018,-0.365,-0.727,-0.979,0.343
487,0.048,0.221,-0.201,0.819,0.103,0.279,-
488,-0.869,-0.566,-0.529,-0.181,-0.553,0.458,-0.834
489,0.988,-0.118,0.561,-0.981,-,-0.978,-0.808
490,-0.668,-0.077,-,-0.927,0.981,0.122,-
491,-,-,-0.025,0.37,-,-0.429,-0.775
492,-0.65,-0.047,-,-0.666,0.656,-0.15,-
493,-0.165,-0.337,-0.191,-0.502,-0.389,0.903,0.246
494,-0.136,-0.364,0.347,-,0.731,0.279,0.736
495,0.509,0.8,0.962,-0.459,0.964,0.71,-
496,-0.468,-0.336,0.851,-0.882,0.393,-0.685,0.994
497,-0.915,-0.936,-0.708,-0.297,-,0.189,-0.063
498,-0.214,-,-0.881,-0.572,-0.929,-0.191,0.482
499,-0.87,-0.523,-,0.936,-0.632,-0.366,0.524
500,-0.929,0.576,-,-,0.338,-0.493,-
501,0.031,-0.92,-,0.608,0.972,0.339,-0.909
502,-0.736,0.625,0.183,-0.725,-0.343,0.177,-0.516
503,-,-0.098,-0.7,-0.246,-0.462,-,0.429
504,-0.11,-0.144,0.334,0.253,0.13,-0.42,0.705
505,0.231,-0.057,-0.703,0.53,-0.198,0.747,0.523
506,0.775,-0.56,0.196,-,-,0.285,-0.032
507,-0.82,-0.113,-0.604,-0.575,0.351,0.991,-
508,-,0.778,-0.61,-,0.65,-,-0.055
509,-0.339,-,-0.776,0.034,-0.281,0.82,0.059
510,0.025,-0.032,-0.021,-0.987,-0.821,0.194,0.884
511,-0.059,-0.557,-,-,0.711,0.864,-
512,0.229,-,-,0.205,-0.309,0.567,-0.49
513,0.126,0.27,0.772,-,0.556,-0.592,-0.554
514,-0.855,0.937,0.38,-,0.523,-0.494,-
515,-,0.849,-,-0.79,0.209,-0.926,-0.465
516,0.576,0.435,0.603,0.989,-0.243,0.292,0.582
517,-0.126,0.575,-0.512,0.261,0.894,-0.704,-0.219
518,-0.223,0.555,0.648,-0.169,-0.225,-0.067,0.771
519,-0.046,-0.435,0.059,-0.065,-0.882,-0.466,0.32
520,-0.782,0.06,0.564,-0.021,-0.146,-,-0.253
521,-0.026,-0.018,-,-,0.281,0.497,-
522,-0.183,-0.548,-0.233,0.841,-0.07,-,0.391
523,0.125,-0.658,0.712,-0.445,0.092,0.276,-0.862
524,0.427,0.02,0.659,-0.391,0.912,-0.649,-0.468
525,-,0.861,-,0.789,0.259,-,-0.966
526,0.419,-,-0.115,-,0.365,0.558,0.691
527,0.774,-0.56,-,-0.222,-0.226,-,0.653
528,0.83,-0.718,0.106,-,0.116,0.86,0.052
529,-,-0.06,0.864,-0.05,0.873,0.252,0.584
530,-,0.535,-0.158,-,-,0.939,-0.675
531,0.579,0.028,-0.168,0.484,-,0.417,-0.461
532,0.904,-,0.998,0.754,-,-,-0.859
533,0.019,0.118,-,-0.735,-0.252,0.432,0.013
534,0.366,-,-,-0.129,-0.067,0.674,-
535,0.092,-0.659,-,-,-0.805,0.514,0.092
536,0.742,-,0.394,0.975,0.91,-,0.738
537,-,-0.914,0.068,-0.612,-0.2,-0.367,-0.114
538,0.482,-0.39,-0.989,-0.718,-0.646,-0.695,0.787
539,-0.823,0.169,-,0.694,-0.58,-0.15,-0.119
540,-,0.64,0.412,-,-0.647,0.403,0.475
541,-0.594,-,-,-0.142,-,-0.505,0.096
542,0.587,-0.375,-,-0.029,-0.364,0.19,-
543,0.087,-0.463,-0.704,0.757,-0.118,-0.814,0.039
544,-0.279,-0.991,-0.888,-0.781,-,0.436,0.785
545,-0.761,0.574,0.81,-,-,-0.389,0.585
546,-0.586,-0.428,-,0.283,-0.774,-0.265,0.556
547,0.583,-0.168,-0.26,0.743,0.32,-0.053,-
548,0.717,-0.143,-0.437,-0.514,-0.053,-0.76,0.04
549,0.832,-,-,0.863,0.485,0.317,-0.701
550,-,0.108,0.733,-0.819,-0.074,0.303,-
551,-0.064,-0.917,0.306,-0.793,0.707,0.627,-0.142
552,-0.192,0.422,0.938,0.037,0.762,0.471,-0.36
553,-0.799,-0.828,-0.306,-0.258,-0.59,-0.633,0.923
554,0.074,-,-0.35,-,0.281,-,-0.278
555,-0.143,-0.349,-0.91,-,-0.112,0.473,-0.299
556,-,-0.544,-0.569,-,-,-0.99,0.943
557,-0.839,-0.799,-0.045,-0.853,-0.275,0.943,-0.372
558,0.736,-0.73,-0.426,-,-,0.179,-0.398
559,0.138,-0.949,-0.724,-0.619,0.371,0.382,-0.069
560,-0.882,-,-0.51,0.442,0.954,-0.737,-0.216
561,0.122,-,0.972,0.732,-0.185,0.893,-0.106
562,-0.166,-,0.78,0.413,0.732,-0.816,0.237
563,-0.731,0.474,-0.094,0.874,0.002,0.662,-
564,-0.48,0.994,-0.447,0.795,0.459,-0.359,0.305
565,-0.391,-0.806,-0.566,-0.229,0.939,0.487,-0.493
566,-0.499,0.065,0.644,-0.945,-0.795,0.043,0.337
567,-,0.313,-0.025,0.062,-,-,0.807
568,-,0.592,-,0.007,-0.141,-0.763,0.932
569,-,-0.416,-0.834,-0.816,-0.527,0.291,0.684
570,-0.586,-0.291,0.082,-0.376,0.219,0.828,-0.558
571,-,-,0.906,0.668,-0.066,-,0.256
572,-0.116,-0.438,0.272,-0.325,-0.245,0.759,0.544
573,-,-,0.995,0.574,-0.667,-0.083,-0.704
574,-0.85,0.294,0.809,-,0.669,0.796,-
575,-0.125,0.341,0.213,0.447,-0.112,-0.331,0.203
576,-0.16,0.702,0.131,0.569,-0.977,0.204,-0.385
577,-0.778,0.589,0.319,-0.055,-0.994,0.142,0.672
578,-0.092,0.572,-0.36,-,-,-0.798,-0.497
579,0.296,0.326,-0.512,-0.878,-,-0.102,0.059
580,0.149,-0.163,-0.18,0.85,-0.565,-,-
581,0.313,-0.872,-,-0.882,0.44,-,-0.919
582,0.775,-0.866,-0.686,-0.387,-,0.331,-0.992
583,-,-0.999,-0.073,-0.73,0.746,0.509,-0.772
584,-,-,0.147,0.25,-0.705,-0.376,0.01
585,-,-0.888,-0.94,-0.367,-0.378,-0.494,-0.627
586,-0.695,0.525,0.608,0.065,0.326,-0.356,0.487
587,-0.885,0.347,-0.26,-0.594,-,-0.712,-
588,-0.849,-0.078,-0.637,-0.262,0.067,-0.223,0.008
589,0.439,-,-,-0.749,0.164,-,-
590,0.793,-0.079,-0.448,-0.798,0.082,-,0.067
591,0.654,-,-,-,-,-,-0.983
592,0.015,-,-0.113,-0.228,0.193,0.684,-0.201
593,0.817,0.158,-0.12,-0.542,-,0.781,-0.75
594,-0.116,0.058,0.104,-0.877,-0.206,-0.493,-0.449
595,-0.73,0.995,0.761,-0.443,-0.05,0.765,0.093
596,0.855,0.924,-0.516,-0.468,-,0.928,-0.334
597,-0.879,-0.266,-,0.429,0.972,-0.79,-
598,0.889,-0.017,-0.04,-0.22,-0.916,-0.605,0.261
599,-0.52,-0.79,-0.023,-0.933,-0.242,-0.906,-
600,-0.559,0.03,-0.265,0.618,-0.909,-,-0.72
601,0.314,0.609,-0.128,-0.168,-0.864,0.646,-
602,0.166,-0.991,0.507,0.361,0.167,-0.815,0.681
603,0.862,0.445,-,0.214,0.52,0.792,0.19
604,-0.589,0.716,-0.298,0.007,0.189,0.831,-0.974
605,-,-0.689,-0.61,0.456,-0.72,-0.082,0.257
606,0.324,-0.845,0.652,-0.605,-0.827,0.654,-0.924
607,0.856,0.071,0.324,-0.924,-0.311,-0.842,0.209
608,0.255,0.204,-0.832,0.886,-,-0.182,-0.333
609,0.017,0.849,0.484,-,0.025,0.235,0.424
610,-0.339,-0.032,0.134,-,-0.243,0.164,-0.602
611,0.212,-0.307,-0.156,0.509,0.378,-0.95,-0.568
612,-0.788,-,0.85,-0.152,-0.113,-,-0.763
613,-0.636,0.489,-,0.228,0.109,-0.085,0.898
614,0.824,-0.918,0.144,-,-0.963,-,0.064
615,-,-0.077,0.967,-0.974,0.667,0.44,0.166
616,-,-,-0.25,-0.127,-0.683,0.188,0.241
617,-0.416,-,0.147,0.671,0.551,-,0.274
618,-0.94,0.322,0.652,-0.537,-0.24,-0.582,0.236
619,-0.175,-,-0.196,0.173,0.746,-0.279,0.179
620,0.559,-0.113,-0.192,-0.888,0.874,0.91,0.672
621,-0.601,-0.524,0.922,-0.499,-0.882,0.132,0.668
622,0.5,0.157,-,0.115,-0.936,0.493,-
623,0.893,-,0.753,-0.188,0.839,-0.504,-0.576
624,-,-,-0.443,0.579,-0.953,0.908,-
625,-0.824,-,-,0.701,0.635,0.279,-0.354
626,-0.019,0.401,0.297,-0.553,0.746,-0.822,-0.79
627,0.532,0.526,-,-0.701,0.63,0.14,-
628,0.069,0.473,0.73,-,-0.861,-0.567,-0.367
629,-0.109,-0.054,0.689,0.286,-0.116,-0.871,-0.678
630,0.894,-0.429,0.134,-,-0.741,0.049,0.586
631,-0.952,-0.74,0.76,0.999,0.831,-0.239,0.836
632,-0.01,-0.046,-0.056,0.675,-,-,-
633,-0.955,-,-0.279,-0.859,-0.739,-,0.51
634,0.735,-0.674,-0.384,-,-0.407,-,-0.97
635,0.242,-0.743,-,0.917,-,-,-0.765
636,0.983,-0.819,-,-0.904,0.642,-0.299,-0.469
637,0.439,-0.251,0.65,0.457,-0.531,-,-0.028
638,0.449,0.39,-0.948,0.099,0.072,-0.62,0.083
639,-0.255,0.457,-,-0.8,-0.154,-0.036,-0.786
640,-0.884,-0.769,0.114,0.361,0.285,-0.399,0.605
641,-0.686,0.481,-0.463,0.877,-,0.229,-0.662
642,-0.441,-0.548,0.696,-,0.549,-,-
643,-0.39,0.245,-,0.408,0.16,0.007,-0.329
644,-,-0.685,-0.52,-0.034,-0.358,0.275,0.954
645,-0.785,0.486,-0.321,0.995,-,-0.164,-0.261
646,-0.708,0.305,-,-0.364,-0.597,0.616,0.781
647,0.21,0.351,-0.359,-0.058,-0.314,0.855,-0.85
648,0.567,-0.11,-0.589,-,-0.375,0.754,-0.519
649,0.919,0.018,-0.412,0.417,0.769,0.297,0.336
650,-,0.662,0.796,-0.56,0.134,-0.488,-0.068
651,-0.004,0.932,0.515,0.323,0.709,-0.143,-0.849
652,0.572,0.926,0.803,-0.184,-,-,-0.099
653,0.369,-,-,0.387,-0.536,0.891,0.66
654,0.088,0.716,0.803,-0.938,-0.825,-0.965,0.602
655,0.541,0.322,0.325,0.465,-,-0.2,-0.305
656,-0.116,-,0.588,0.394,0.483,-0.897,0.97
657,-0.683,-0.054,-0.881,-0.344,-,0.826,-
658,0.729,-0.781,0.32,-0.418,0.022,-,-0.993
659,-0.918,0.628,0.785,0.77,0.289,0.417,0.896
660,0.829,-0.562,-0.03,0.927,-0.96,-0.813,-0.964
661,-,-,0.537,0.727,0.814,-0.225,-0.74
662,-0.05,-0.62,0.987,0.23,-,-0.313,0.54
663,-,0.561,-0.712,-0.987,-0.848,-0.721,-0.025
664,-0.622,0.577,-0.917,-0.175,-0.254,0.304,-0.952
665,-0.963,0.625,0.416,-0.187,0.992,0.816,-
666,-0.882,-0.782,-,-0.52,-0.604,-0.769,0.595
667,0.947,0.829,0.139,-0.786,-0.622,-0.12,0.029
668,0.272,-0.229,0.357,0.898,-0.485,0.97,0.21
669,-,-,-0.903,-0.516,-0.887,0.505,0.748
670,0.379,0.75,-,-0.964,0.286,0.14,-0.607
671,-0.334,0.983,-0.577,-0.191,-0.651,0.888,-
672,0.607,-0.609,-0.79,-0.992,-0.214,-0.87,-0.724
673,-,0.335,-0.06,-,0.515,-0.719,0.224
674,0.496,-0.104,0.87,-0.281,-0.229,0.881,0.704
675,-,0.666,-,-0.836,0.085,-0.781,0.987
676,0.427,-,0.556,0.659,-,0.004,-0.525
677,0.359,-0.353,-0.817,0.858,0.261,0.474,-0.498
678,0.108,-,-0.078,-0.939,0.419,-0.72,0.371
679,-0.436,-0.854,0.058,-0.242,-0.166,-0.788,0.693
680,-0.731,-0.638,0.554,0.859,0.666,0.274,0.595
681,-0.52,0.373,0.05,-0.989,0.763,-0.422,-0.554
682,-0.896,0.563,-0.36,-0.629,0.938,-0.833,-0.435
683,-0.535,-0.465,0.342,0.272,-0.459,0.969,-0.07
684,-0.878,0.45,0.628,-0.287,-0.334,0.974,0.358
685,-,-0.479,0.031,-0.023,0.587,0.408,-
686,-0.31,0.585,0.443,0.073,-0.187,-0.151,-
687,-0.277,-0.757,-0.905,-0.26,0.131,-0.979,-0.678
688,-0.226,-0.814,0.266,-0.093,0.387,-0.104,-0.628
689,0.077,-0.775,-0.14,0.515,0.994,-,0.645
690,0.151,-0.162,-,-0.325,-0.311,0.602,0.237
691,-0.927,0.944,-,-0.355,0.555,0.319,0.012
692,0.342,0.01,-,0.347,-,0.637,0.826
693,0.813,-0.785,0.917,0.829,-0.699,0.685,-
694,-,0.885,0.747,-0.013,0.011,0.159,0.976
695,-0.405,-0.832,-,-0.047,-0.319,0.664,-0.526
696,-,-0.682,0.696,0.416,0.004,0.757,-
697,0.513,-0.587,-0.358,-,-0.114,-0.097,0.634
698,0.864,-0.904,-,0.363,-0.102,-0.834,0.865
699,-0.995,0.858,0.313,0.998,-0.996,0.488,0.608
700,0.631,0.237,-0.612,0.271,-0.001,-0.284,-0.419
701,-0.547,0.565,-,0.93,-0.126,-0.916,-
702,0.281,0.783,-0.86,-,0.195,-0.914,0.597
703,0.376,-0.886,-0.534,-0.898,-0.106,-0.325,0.299
704,-,0.029,-,-0.533,0.569,0.659,0.532
705,-0.831,-,-0.676,0.152,0.38,0.771,-0.09
706,-,0.147,-0.541,0.972,-0.22,-0.889,-0.637
707,-0.53,-0.5,-0.668,-0.267,-,0.091,0.482
708,-0.127,0.507,-0.663,-0.321,-0.586,0.504,-
709,0.917,0.486,-0.608,-0.823,-0.323,0.982,-0.556
710,0.254,-0.661,-0.381,0.12,0.843,-0.716,-0.264
711,0.388,0.123,0.354,-0.406,0.332,-0.162,-0.696
712,-,-0.778,-0.602,0.528,0.795,0.357,-0.606
713,-,-0.711,-0.829,-0.758,0.632,0.564,-0.296
714,-0.103,-0.608,-,0.369,-0.504,-0.102,-0.851
715,-0.842,0.953,0.46,-0.921,-0.372,0.256,0.75
716,-0.956,0.985,0.674,-,-0.987,-0.42,-
717,-0.469,-0.186,-0.589,0.569,0.972,0.67,0.823
718,-0.242,0.483,-0.807,-0.27,0.072,0.417,-0.292
719,0.314,-0.408,-0.251,0.7,-0.756,0.314,0.678
720,-,0.701,0.144,-0.014,0.112,0.749,-0.289
721,0.875,-,-0.533,0.377,0.262,-,0.669
722,0.361,0.665,-0.101,0.25,-0.031,0.364,-0.942
723,-0.985,-0.113,0.156,-0.211,0.931,-0.274,0.729
724,0.808,-,-0.768,-0.112,-0.188,-,0.303
725,0.336,-,-0.033,0.405,-0.801,0.642,-0.075
726,-0.883,-,0.606,-0.275,0.141,0.701,-0.048
727,-0.622,-,0.568,0.57,-0.844,0.622,-
728,-,-0.236,0.12,-0.171,-0.431,0.415,-0.178
729,0.008,-0.15,-0.519,-0.2,0.702,-0.569,0.309
730,0.107,-0.097,-0.155,-,0.181,0.448,-
731,-0.861,-0.543,0.6,-0.633,-,0.508,-0.618
732,0.457,0.156,-,0.076,0.306,-0.611,0.285
733,-,-0.096,0.612,-0.521,0.604,0.177,0.754
734,-0.94,-0.919,-,0.312,-0.646,0.642,-0.132
735,-0.262,0.706,0.446,0.886,-0.285,0.004,0.22
736,-0.477,0.099,-,-0.79,-0.252,-0.0,-0.001
737,0.978,0.129,0.759,0.753,-0.258,-0.062,-
738,-0.53,-0.764,-0.952,-0.664,0.853,0.701,0.274
739,-,0.432,0.292,0.654,-,-0.644,-0.433
740,0.796,0.907,-0.26,-0.788,-0.305,0.039,-0.979
741,-0.41,0.218,0.407,-,0.605,-0.606,-
742,-0.457,-,0.345,-,-0.597,-0.999,0.157
743,0.298,0.107,-,0.907,-0.683,0.88,-0.237
744,-0.035,0.269,-0.658,-0.548,-0.974,-0.643,-
745,0.391,-,-,0.77,-0.101,-0.086,-0.519
746,0.176,0.974,0.778,0.758,0.706,0.876,0.896
747,-0.384,0.04,-,0.172,-0.842,-0.542,0.981
748,0.295,-0.884,0.265,-,-,-0.343,-0.474
749,-,-0.842,-0.959,0.787,0.719,-0.566,-0.712
750,-0.383,0.211,0.44,0.273,-0.06,0.466,0.055
751,-,0.745,-0.35,-,-0.31,-0.503,-0.025
752,-0.558,-0.932,-0.62,-0.498,0.953,-0.069,0.537
753,0.026,-,-,0.494,-0.837,0.487,-
754,0.451,0.859,-,0.178,0.737,0.35,-
755,-0.815,0.69,0.906,-,-,-0.987,0.991
756,-0.355,0.642,-0.963,-0.21,-0.745,0.126,-0.953
757,0.505,-0.123,0.08,-0.274,-0.279,0.457,-0.047
758,0.402,-0.397,-0.879,0.102,-0.223,-,-0.926
759,-0.38,0.861,-0.147,0.583,0.335,-0.816,0.803
760,-0.992,-0.603,-0.314,-0.358,0.975,0.907,-
761,-0.856,-0.487,-0.575,0.167,0.146,0.821,-
762,0.29,0.342,0.081,-0.6,0.936,-,-0.967
763,0.778,-0.253,-0.877,-,-0.213,0.093,-
764,0.178,-0.065,-0.551,0.088,-0.222,-,-
765,0.911,-0.307,0.422,0.101,-0.42,0.849,-0.181
766,0.657,-0.855,-0.144,0.564,0.04,-,0.632
767,0.068,0.625,0.872,0.793,-0.864,-0.479,-0.198
768,-0.769,-,0.525,0.696,-,-0.606,-0.031
769,-0.986,-0.092,0.757,-0.353,0.588,-,-0.568
770,0.879,-,-0.466,-0.597,-0.274,0.713,-
771,-,-0.203,0.111,0.277,0.838,0.674,-
772,0.829,-,0.524,-,0.582,0.221,-0.822
773,-0.896,-,0.22,-0.703,-0.055,-0.227,-
774,-0.317,-0.368,0.773,-,0.624,0.381,0.071
775,-0.1,0.673,-0.659,-0.657,-0.026,-,0.166
776,0.08,0.559,-,-0.695,0.499,0.235,0.742
777,0.537,0.874,0.851,0.629,0.699,-,0.632
778,-0.685,-0.592,-0.221,-0.147,0.923,-,0.688
779,0.897,0.168,0.415,-,0.553,-0.368,-0.83
780,0.919,0.988,-0.075,-,-0.99,0.454,-0.806
781,-0.006,-0.959,-0.369,0.4,-0.922,-0.995,-0.322
782,-0.33,-0.421,0.466,0.139,-0.23,-0.823,0.177
783,0.901,0.237,-,0.284,0.959,0.791,0.257
784,0.037,-0.184,-0.366,-0.37,-,-,-0.21
785,-0.374,-0.313,0.328,-0.865,0.136,-0.129,0.695
786,0.639,-0.119,-,0.348,0.817,-0.985,-0.537
787,0.101,-,-0.999,-,-0.916,0.408,0.361
788,-0.925,-0.54,-,-,0.266,-0.023,0.568
789,-0.883,0.573,-0.449,-0.549,-0.919,-0.052,-0.255
790,-0.32,-0.052,-,-0.365,0.881,-0.879,-
791,0.382,-,-0.393,0.134,-0.919,-0.003,-0.043
792,0.822,0.975,0.524,0.957,0.216,-0.943,-0.322
793,0.603,-0.745,0.49,-0.992,-0.901,-0.566,-0.156
794,-0.539,-,-,0.026,-0.255,0.249,-
795,-0.645,0.916,-0.022,-0.996,0.985,-,-
796,-0.181,-0.473,-0.677,0.673,-,-0.736,0.678
797,-0.345,0.718,-,0.447,0.064,-,0.59
798,0.521,-0.011,0.065,0.014,-0.026,0.095,0.481
799,-0.701,-,-0.01,0.028,0.048,0.568,-0.064
800,0.315,0.307,-0.973,-,0.5,0.276,0.666
801,0.876,0.759,-0.442,0.781,-0.685,0.876,0.612
802,-0.464,-0.779,-0.162,0.522,0.305,-0.952,-0.66
803,0.313,-,-0.795,0.531,0.023,0.56,-0.458
804,-0.281,-,-0.802,0.382,-0.914,-0.742,0.401
805,-0.658,-,0.593,-0.15,0.101,0.813,-0.414
806,-0.847,-,-,0.677,-0.748,-,0.338
807,-0.169,0.625,-0.643,-0.73,-0.049,0.647,0.015
808,-0.368,-0.763,-0.214,-0.684,-0.513,-,0.325
809,0.174,-0.267,-0.023,0.968,-0.231,0.968,0.342
810,-,-0.512,-0.263,-,0.681,-0.699,-0.658
811,0.417,0.962,-0.513,0.479,-0.633,0.824,-0.943
812,-0.394,0.092,-0.136,-0.822,0.873,0.797,-0.139
813,-0.9,-0.44,-0.538,-,0.011,-0.479,0.572
814,-0.979,0.396,0.105,-0.595,-,-,-0.34
815,-,0.614,0.892,0.111,0.553,-0.368,-0.447
816,-0.911,-,0.387,-0.657,-0.839,0.927,-
817,-,-0.185,0.178,0.856,-,-0.936,-0.128
818,-0.464,0.894,-0.691,-0.05,-0.932,-0.626,-
819,-0.726,-0.18,0.841,0.829,0.694,0.012,0.622
820,-0.864,-,0.228,-0.396,0.779,-,-
821,-0.186,0.503,0.332,-0.899,-0.795,0.448,-0.93
822,-,0.752,-0.75,0.358,-,-0.182,-0.036
823,0.368,-0.003,-0.843,-0.702,-0.575,-0.405,-
824,-,-0.21,0.521,0.671,0.556,-,-0.581
825,-0.646,0.181,0.553,-0.631,-0.337,0.785,0.201
826,-,-,-,-0.433,-0.588,0.273,-0.743
827,0.283,0.976,-0.115,-0.08,0.943,-0.623,-
828,-0.487,-0.072,0.008,-0.482,-,-0.504,-0.579
829,0.678,0.549,-0.719,-0.325,0.772,-,-0.403
830,-,0.508,-,0.704,-,0.078,0.953
831,0.415,-0.987,0.375,-0.881,-0.103,-0.467,0.081
832,-0.224,0.647,0.491,-,-0.51,0.024,0.47
833,0.751,-,-0.295,0.661,-,0.084,-0.211
834,-0.069,-,-0.911,-,0.879,0.95,-0.182
835,0.42,-,0.293,-0.996,0.77,-0.646,0.511
836,-,0.913,-0.403,-,0.315,0.216,-
837,-,-0.382,0.038,-,0.559,-0.121,0.094
838,-0.048,0.417,-0.772,-0.331,-0.206,0.003,-0.797
839,-0.761,0.56,0.328,0.012,-0.073,-0.696,-0.778
840,0.961,-,-0.49,-0.026,0.484,-0.191,0.281
841,0.322,-0.191,-,0.897,0.014,0.966,-
842,-,-0.886,0.994,-0.375,0.849,0.126,-0.534
843,-0.97,-0.556,-,-,-0.677,-,-
844,-0.635,-0.993,-,-0.676,-,0.023,-
845,0.284,-0.816,0.402,0.387,-0.933,-0.012,-0.026
846,0.258,-0.484,-0.717,-,0.71,0.466,0.5
847,-0.548,-0.674,0.793,0.776,0.364,-0.649,-0.486
848,-0.682,-,-0.324,-0.039,-0.763,0.637,-0.813
849,0.344,0.372,0.577,-,-0.062,0.701,-0.646
850,-,-0.411,0.902,-,-0.207,0.727,0.87
851,-,0.971,0.813,-0.449,0.09,-,0.508
852,-0.837,-0.557,0.379,0.819,0.051,-,0.457
853,-0.42,0.786,-,-0.623,-0.523,0.508,-0.305
854,-0.077,-0.54,0.784,-0.659,0.729,-,-0.787
855,0.671,0.154,-0.347,0.334,0.666,0.358,-
856,-,-0.096,0.146,0.905,0.809,-0.412,-0.233
857,-0.033,-0.847,0.17,-,0.594,-0.16,0.814
858,-0.01,0.551,-0.082,0.689,-0.781,-0.815,-0.805
859,0.248,-0.708,-0.827,-,-0.328,-0.69,0.807
860,-,0.594,-0.156,-,0.179,0.303,-0.92
861,-0.713,-0.751,0.365,-0.377,0.202,0.59,0.101
862,-0.16,-0.63,-0.262,-,0.749,-0.996,-0.482
863,-,0.133,-0.236,-0.975,0.664,-,0.194
864,-0.012,-0.049,-,0.422,-,-,0.418
865,-0.035,0.055,-,0.928,-,-0.478,-0.94
866,0.34,-0.38,0.227,-0.812,-,0.306,-0.961
867,-0.478,-,-0.188,-0.711,0.246,-0.934,0.665
868,-0.526,-0.921,-0.768,0.762,0.744,-,-0.588
869,-,0.63,-0.221,-,0.049,-0.116,0.546
870,0.969,-0.075,-0.652,-0.803,-,-0.913,0.03
871,-0.705,-0.166,-0.517,0.135,-0.83,-0.351,-0.978
872,-0.943,-0.664,-0.059,-,0.558,-0.033,-0.274
873,0.93,-,-0.463,-0.125,0.222,0.0,0.694
874,0.65,0.43,-0.033,-,-0.906,0.538,0.753
875,-,0.14,-0.976,0.738,0.863,0.11,-
876,-0.141,0.252,0.054,-0.797,-0.796,-0.331,-0.824
877,0.505,-0.73,-0.505,0.511,0.637,-,-0.885
878,0.98,-0.555,0.499,0.284,0.151,0.201,-0.204
879,-0.805,0.909,0.809,0.772,0.125,0.69,-0.548
880,-0.858,-0.445,0.386,-,0.427,0.886,-
881,0.245,-0.511,-0.789,0.207,0.585,-,-
882,0.59,-0.195,-0.713,-0.08,0.009,0.341,0.964
883,0.013,0.588,-0.942,-,-,-0.327,-0.841
884,-0.87,0.388,-,-0.59,-,0.654,-
885,-,-0.629,-0.96,-,-0.195,-0.001,0.732
886,-0.815,-0.634,0.295,-0.086,-0.46,-0.239,-
887,0.756,-0.253,-,-0.015,-0.92,0.38,0.002
888,-,0.561,0.859,-0.413,-0.401,0.746,-0.466
889,0.8,0.305,-0.892,0.753,0.896,0.759,-0.485
890,0.407,-,-,-0.869,-0.678,-,-0.114
891,-0.154,-,-,-0.845,-,0.136,0.488
892,-0.646,0.307,0.866,-0.397,0.873,-0.303,0.894
893,-0.38,-0.817,0.9,-0.607,0.928,0.572,-0.926
894,0.404,0.408,-0.067,-0.438,-0.584,-0.875,0.481
895,-0.214,-0.539,0.988,0.3,-,-,0.528
896,0.841,-,0.229,-0.565,-,-,-0.183
897,0.085,-0.881,0.491,0.951,-0.043,0.799,-0.446
898,0.434,-0.206,0.31,0.026,0.514,-0.49,0.551
899,0.828,-,-0.001,0.906,0.098,-0.078,-
900,0.558,0.779,-0.395,0.324,0.773,0.006,0.186
901,-0.667,-0.456,0.34,0.798,0.247,0.064,-0.477
902,0.435,-,-0.91,0.533,-0.622,-0.762,-0.452
903,0.4,0.23,0.029,-0.458,-0.251,0.755,-0.573
904,-,-,-0.389,-0.959,0.317,-,0.973
905,-,0.346,-0.763,-0.831,-,-,-0.39
906,0.422,0.428,-0.023,0.843,-0.851,-0.462,-
907,-0.876,-,-0.491,-0.207,-0.609,0.301,-0.685
908,-0.766,0.257,0.545,0.527,-0.511,-,-
909,0.601,-0.593,0.921,0.045,-0.753,-,-0.377
910,-0.058,-0.986,0.82,0.717,-0.854,0.96,0.945
911,-,0.38,-0.589,0.762,0.643,0.481,-
912,-,-0.719,0.154,0.59,0.116,0.358,0.654
913,-0.102,0.339,-,0.8,-,0.839,0.692
914,-0.662,-0.574,-0.634,-0.535,0.829,-0.96,0.47
915,0.349,-0.739,0.578,-0.999,-0.756,-0.918,-0.833
916,-0.167,-0.061,-,-0.579,-,0.301,-0.461
917,-,-0.069,-,-0.601,-0.309,-0.446,-0.098
918,0.24,-0.974,-,0.051,-0.266,0.913,0.963
919,-0.209,-0.323,0.242,-0.02,-0.085,-0.344,-0.488
920,0.176,-0.769,-0.581,-0.113,-0.119,0.424,-0.679
921,0.097,0.178,-,0.249,0.206,-,-
922,-0.233,0.522,-0.104,0.702,-0.519,-,0.025
923,0.249,0.826,-0.829,-0.1,-0.367,0.25,0.466
924,-,-,0.919,-0.692,0.546,-0.339,0.587
925,0.486,-,-,0.021,-,-0.142,0.963
926,-0.889,0.888,0.04,0.81,0.454,-0.116,0.108
927,0.15,-0.455,-0.079,-,0.872,-,-0.182
928,0.215,-0.65,0.489,0.366,-0.622,-,-0.931
929,-0.053,-0.036,-0.83,0.386,0.845,0.479,0.346
930,-0.33,-,-0.442,-0.231,-0.564,-0.23,0.106
931,-0.618,0.64,-0.111,0.8,-0.858,-0.88,0.333
932,0.789,-0.138,-,-,0.823,0.652,0.021
933,0.456,-,-0.545,0.199,0.413,-,0.158
934,-0.512,-0.345,-0.631,0.691,-0.223,-0.702,-0.257
935,-0.408,-0.229,-0.573,0.548,-,0.863,-
936,-0.895,-0.116,0.288,-0.361,0.19,0.848,-0.192
937,-0.813,0.179,-0.564,0.419,0.846,-0.721,0.621
938,-,-0.887,-0.264,0.822,0.973,0.169,-0.838
939,0.198,0.302,-0.828,-0.025,-,0.413,-0.65
940,-,-0.995,-,0.315,-0.439,-0.585,-0.795
941,-,-0.248,-0.307,0.238,-0.755,-,-0.504
942,-0.336,-,-0.703,0.347,0.367,-0.887,-
943,0.447,-0.811,0.075,0.542,-0.48,-0.399,0.606
944,-,-0.646,0.577,-0.911,-0.771,-,0.735
945,-0.095,0.388,1.0,-0.84,0.434,-0.538,0.308
946,-0.308,-0.656,0.477,0.656,-,0.265,0.462
947,0.374,-0.559,0.625,0.031,-0.035,-0.95,-0.133
948,0.303,-0.781,0.531,-0.263,-0.778,-0.94,0.493
949,-,0.592,-0.43,-0.215,0.126,0.017,-0.349
950,0.444,0.801,-0.221,-,-,-0.527,-0.043
951,-0.885,0.91,-,0.903,0.532,-0.801,-0.308
952,0.733,-,-0.402,-,0.381,-0.55,-0.007
953,-0.937,0.159,0.641,-0.478,0.705,-,0.769
954,-0.275,0.656,0.067,-,-0.068,0.811,-0.051
955,0.884,-0.215,-0.304,0.405,-0.011,-0.251,-
956,0.318,0.358,-0.954,0.474,0.245,-,0.624
957,-0.38,-0.655,-,0.473,0.834,-0.712,-0.18
958,0.097,0.666,-,0.776,0.37,-0.099,-0.851
959,-0.51,-0.943,-0.921,-0.703,0.954,0.588,0.592
960,-0.46,0.061,-0.971,0.396,0.229,-,0.721
961,0.015,0.886,0.391,-,-,-0.46,-0.568
962,0.968,-,-0.288,-0.021,0.729,-0.322,-0.37
963,-0.376,0.749,-0.837,-0.473,-,-0.71,0.265
964,-0.165,-,-0.016,0.508,-0.269,-0.468,0.116
965,-0.778,-0.661,-0.691,-0.596,-0.027,0.173,0.359
966,0.016,-0.439,-0.9,-0.845,-,0.489,-0.572
967,0.823,-,0.848,-,0.047,-,-0.119
968,-0.82,0.983,-0.763,-0.365,0.873,-,-0.414
969,-0.751,-,0.815,-0.115,-0.261,-0.617,-
970,0.365,-0.173,-0.37,-,-,-,0.515
971,-0.536,-0.072,0.773,-0.026,0.762,0.835,-0.398
972,-,-0.008,0.749,-0.835,-,-0.982,-0.681
973,-0.644,0.675,0.223,-,-0.703,-0.354,0.841
974,-0.726,0.919,0.392,0.472,0.113,0.601,0.209
975,0.58,0.609,-0.949,-0.332,-,-,-
976,-0.43,-0.935,0.184,0.473,0.452,0.517,-0.765
977,-0.864,-0.562,-0.275,-0.09,-0.412,0.991,0.842
978,-0.645,-,0.42,0.465,-0.512,-0.938,-0.168
979,-,-,0.244,-0.892,0.221,-0.555,-0.94
980,0.867,0.772,-0.023,-0.475,0.387,0.659,0.024
981,0.893,-0.125,0.159,0.714,-,0.828,-
982,-0.353,0.387,0.09,0.658,-0.611,0.313,0.04
983,0.601,-0.35,0.997,-,0.873,0.2,-
984,0.905,0.58,-0.788,-0.77,-0.167,-0.254,-0.431
985,-,-0.996,-0.24,0.46,0.609,-0.867,0.346
986,-0.398,0.647,0.73,0.57,0.74,-0.402,-
987,-0.647,0.413,-0.817,-0.541,-0.787,0.249,-0.298
988,-0.687,0.751,-0.525,0.482,0.863,0.254,-0.902
989,-0.24,0.403,-,-0.696,-0.815,0.026,0.35
990,-0.369,0.032,-0.847,0.288,-0.585,-0.833,-0.562
991,-,-,0.671,-0.912,-0.693,0.649,-0.726
992,-0.489,-,-,0.154,0.977,-0.8,-0.156
993,-,-0.998,0.204,-,-,0.008,0.311
994,0.878,0.2,-0.764,-0.023,0.331,0.977,-0.127
995,0.878,0.646,0.245,-0.552,0.775,0.018,-0.959
996,0.423,0.109,-0.361,-0.836,-,-,0.187
997,0.529,-,0.992,-,0.887,-,-0.21
998,-0.988,0.16,-,-0.609,-0.953,-0.728,-
999,0.741,-0.845,-0.374,0.224,-0.26,0.531,-
1000,-0.858,0.54,0.688,-0.175,-0.023,-0.143,0.11
1001,-0.87,-,0.036,-0.994,0.046,-0.384,-0.451
1002,-,-0.965,0.447,-0.569,-0.499,0.435,-0.25
1003,0.913,-0.019,-0.175,-0.889,-0.204,-0.101,-0.634
1004,-0.654,-,-,0.637,0.669,0.468,-
1005,-0.195,-0.926,-0.152,-0.446,-0.631,-0.358,0.113
1006,-0.03,0.079,0.918,-,-,-0.627,0.496
1007,-,-,-0.084,0.243,0.226,-0.357,0.203
1008,-,-0.341,-0.808,-0.954,0.152,0.957,0.224
1009,-,0.629,-0.315,-0.606,0.819,-0.993,0.839
1010,0.349,0.794,-0.969,-0.877,-0.897,-,0.014
1011,0.044,-0.844,-,-0.72,-,-0.226,0.345
1012,0.559,-0.199,-,0.15,-0.83,-0.878,-
1013,-0.022,0.511,-,0.25,-0.067,0.842,-0.547
1014,-0.585,0.709,0.734,-0.952,0.409,-,0.449
1015,-0.03,0.597,-0.309,-0.493,-0.0,-,-
1016,0.956,-,-0.877,0.138,-0.006,-,0.391
1017,0.004,0.208,0.38,0.509,-0.162,0.439,-0.952
1018,-0.891,-0.083,-0.322,-,-0.256,-0.4,-
1019,-0.575,-0.46,0.177,0.567,-0.798,0.084,0.978
1020,0.052,-0.227,-0.147,0.733,-0.3,0.44,0.23
1021,-0.311,-0.841,-0.581,-,0.938,-,-
1022,0.579,0.163,-0.111,0.006,0.559,0.004,-0.4
1023,-0.457,0.24,-,-0.862,0.842,0.423,0.812
1024,0.779,-0.276,-0.782,-0.463,-0.871,0.813,-0.769
1025,-,0.81,0.636,0.768,-0.508,0.324,-0.161
1026,0.366,-0.433,-0.844,-,0.213,-0.139,0.848
1027,-,0.09,-0.553,-0.069,0.177,-0.328,0.54
1028,0.743,0.966,-,-0.64,0.361,-0.495,-
1029,0.455,0.783,-0.249,-0.471,0.415,-0.92,0.194
1030,-0.4,0.203,-0.451,-0.739,-,-0.52,0.674
1031,-0.349,-0.404,0.619,0.502,0.266,-0.375,-
1032,-0.403,-0.866,-0.355,-0.566,0.524,-,-0.856
1033,0.764,0.507,-,-0.086,-0.339,-0.313,-0.456
1034,-0.903,-0.71,0.201,-0.337,0.696,0.964,-0.976
1035,0.979,0.027,-0.414,0.482,-0.456,0.246,0.757
1036,0.609,0.501,-0.175,-0.811,0.563,0.2,-0.609
1037,-0.36,-0.495,-0.351,-0.109,0.755,-0.04,-
1038,-,-0.373,0.563,-0.168,-0.139,0.496,-
1039,-,0.364,0.04,-0.498,-0.811,0.639,-
1040,-0.008,0.262,-,0.489,0.549,0.386,-0.421
1041,0.938,-0.047,-,0.047,-0.613,-,-0.645
1042,-0.242,-0.993,-0.832,-0.335,-0.198,-0.805,-0.37
1043,-0.365,0.768,-,-0.348,-0.264,0.285,0.529
1044,0.282,-,-0.913,-0.395,0.453,-,0.35
1045,0.862,-0.089,-0.706,0.767,-0.231,0.412,0.504
1046,-0.189,-0.03,0.969,-0.925,-0.365,0.048,0.985
1047,-0.256,-0.138,0.235,-0.253,0.034,-0.982,-
1048,0.321,-0.888,-0.284,-0.305,-,-0.673,-0.914
1049,-0.919,0.585,0.697,-0.02,0.644,0.146,-
1050,-,0.703,0.204,-0.757,-0.441,0.329,-
1051,-,0.144,-,0.007,-0.372,0.607,0.56
1052,-,-0.972,0.938,0.025,-0.491,0.839,0.638
1053,0.824,0.608,-0.455,-,-0.277,-0.996,-
1054,-0.786,-0.373,0.85,0.619,0.504,-0.818,0.103
1055,0.351,0.376,-0.873,-0.561,0.08,0.498,0.167
1056,0.449,-0.329,-0.892,0.291,-0.59,-0.344,0.668
1057,0.907,0.975,0.873,-0.716,-,-0.306,0.867
1058,0.0,0.55,-0.746,0.779,-,-0.532,0.261
1059,-0.962,0.477,0.171,-0.643,-0.454,-,-0.768
1060,-0.864,-0.551,0.822,-0.548,-,0.916,-
1061,0.053,-,-0.884,-0.126,-,-0.751,-
1062,-0.842,-,-0.327,-0.64,-0.673,-0.789,-
1063,-0.355,0.645,-0.274,-0.884,-0.253,0.026,-
1064,-0.349,0.85,-0.964,-0.039,-0.831,-0.113,-
1065,0.119,-,-0.287,0.497,-0.768,0.719,0.387
1066,-,-0.079,0.633,0.328,0.221,0.421,-
1067,-0.419,-,0.669,-,-0.271,-0.235,0.102
1068,0.032,0.011,0.884,0.014,0.741,-0.688,0.979
1069,0.596,-0.563,-0.501,-0.815,-0.455,-0.919,0.397
1070,-0.815,-,0.277,-0.735,0.988,-0.024,0.968
1071,0.127,-0.462,0.358,-0.394,0.514,-,-0.126
1072,-0.222,-0.39,-0.243,0.828,0.878,-0.752,-0.111
1073,-,-0.786,-0.085,-0.918,-0.185,0.768,-0.431
1074,0.465,0.212,0.897,-0.859,0.632,0.631,-0.22
1075,-0.414,-0.773,0.569,-0.201,0.51,0.002,0.121
1076,0.249,0.503,0.984,-,0.922,0.261,0.003
1077,0.271,-0.054,0.859,-0.853,-,0.171,-0.056
1078,-,-0.361,0.642,-,0.878,0.163,0.531
1079,-0.399,0.942,0.542,-,0.119,-0.7,0.965
1080,-0.398,-0.727,0.215,-0.98,-0.762,0.829,0.272
1081,-0.327,-0.057,0.157,0.131,-0.317,-0.507,0.259
1082,-0.375,0.589,0.486,0.634,-,0.641,-0.373
1083,-0.871,-,-0.572,-0.929,0.136,-,-0.889
1084,0.952,-0.564,-0.856,-0.817,-0.434,-,-
1085,-0.568,0.828,-,0.996,0.978,-,0.202
1086,0.703,-0.745,-0.508,0.778,-0.842,-0.808,0.123
1087,0.974,0.364,-0.727,-0.259,0.177,-0.577,0.486
1088,0.425,-0.13,-0.221,-0.161,-0.909,-,0.831
1089,-0.548,0.357,-0.489,-0.356,-0.299,-0.612,0.538
1090,0.762,0.589,-0.307,0.972,0.885,0.465,0.818
1091,0.608,-0.508,-,-,-0.061,-0.119,-0.41
1092,-0.196,-0.518,0.949,-0.943,-,0.883,0.844
1093,0.404,-0.032,-0.667,0.077,-0.44,-,0.627
1094,-,-,-,-0.331,-0.231,-0.737,0.884
1095,0.047,-0.377,-,-0.946,0.569,-0.339,0.326
1096,-0.012,-0.041,-0.433,0.278,0.386,-0.861,-0.328
1097,0.949,0.855,0.59,0.978,0.523,-0.562,0.102
1098,-0.862,-0.863,0.199,-0.83,-,0.231,-0.578
1099,0.115,-,-0.13,-,-0.998,0.501,-0.899
1100,-0.575,-0.016,-,0.467,-0.408,0.96,-
1101,-0.07,0.87,0.2,0.648,-,0.084,-
1102,-,-,0.996,0.26,-0.818,0.238,-0.714
1103,0.653,0.31,-0.369,0.536,0.157,-,-0.609
1104,-0.918,-0.521,-0.609,0.596,-,0.071,0.281
1105,0.036,-0.71,0.509,-,-0.559,-0.795,-0.881
1106,0.085,0.132,-0.912,-0.664,-0.483,0.124,-0.191
1107,0.481,0.757,-0.087,0.984,0.392,-0.051,0.609
1108,-0.701,-0.896,-0.557,0.657,0.622,-0.356,-
1109,-0.282,0.351,-0.582,-0.45,-0.735,-0.576,0.185
1110,-,0.52,0.787,0.99,-0.349,-0.398,-
1111,0.396,-0.556,0.317,-0.055,0.488,0.74,0.486
1112,-0.916,0.988,0.506,0.218,-0.451,0.077,0.055
1113,-0.639,-0.286,0.423,0.472,-,0.49,-0.731
1114,0.305,0.058,0.817,0.158,-0.155,0.602,0.687
1115,-0.517,-0.651,-,0.668,0.167,-0.089,0.189
1116,0.381,0.058,0.834,0.659,0.037,0.325,-
1117,0.41,-0.247,-0.054,-0.935,-0.207,-,-0.236
1118,-0.882,0.325,0.008,-,-0.841,0.404,-0.192
1119,-,-,-,-0.091,-0.564,-,-0.687
1120,0.651,-0.934,-,-0.115,-,-0.332,0.263
1121,0.232,0.187,0.117,0.708,-,0.033,-0.859
1122,0.359,0.039,-0.443,0.271,0.88,0.002,0.891
1123,-,-,-0.178,0.155,-0.165,0.937,-0.472
1124,0.286,0.888,0.443,0.528,0.261,-0.309,-0.949
1125,0.582,0.274,0.367,-0.106,-0.361,0.324,0.596
1126,0.776,-0.905,-0.314,-0.027,-,-0.984,-
1127,-0.193,-0.639,0.924,-,-0.314,-0.625,-0.364
1128,0.404,-,-,0.69,0.29,-,0.911
1129,-0.425,-,0.961,-,0.311,-0.339,-
1130,0.584,0.944,-0.286,0.228,-0.987,0.307,0.004
1131,-,0.394,-0.357,-0.145,0.592,0.807,-0.885
1132,-0.024,-0.584,0.439,-0.37,-0.553,-0.183,-0.807
1133,-0.842,0.326,0.055,-0.329,0.204,-0.315,-
1134,0.179,-,-,-0.326,0.374,0.32,0.055
1135,0.704,-0.293,0.084,0.312,-0.016,-,-0.398
1136,0.109,-0.245,-0.475,0.015,0.251,0.202,-0.605
1137,0.01,-0.256,-,-0.01,-0.956,-0.658,-0.109
1138,-0.113,-0.003,-,0.011,0.857,-,-
1139,0.666,0.563,0.309,-0.287,-0.22,-0.45,-1.0
1140,0.666,0.157,-0.927,0.718,0.065,0.062,0.344
1141,-0.793,-0.657,-0.373,0.142,0.974,0.435,0.43
1142,0.271,-0.352,-0.76,-0.594,0.841,-0.492,0.199
1143,-0.273,-0.686,-0.046,-0.34,-0.234,-0.068,-0.603
1144,0.68,-,0.649,-,-0.186,0.041,0.323
1145,0.195,-0.675,-0.812,-0.711,-,-,0.507
1146,0.379,-0.534,-0.648,-0.966,-0.936,-0.169,0.473
1147,-0.629,-0.305,-,-0.941,0.615,-,0.805
1148,0.221,0.733,-0.848,0.675,-0.673,-0.214,-0.829
1149,0.521,-0.05,0.284,0.899,-0.793,-0.582,-0.159
1150,-0.534,0.906,-0.81,-0.028,-,0.713,-0.865
1151,0.218,-0.935,-,0.386,0.202,0.262,0.002
1152,-0.59,0.271,-0.477,0.895,0.585,0.554,-0.658
1153,-,0.395,-0.153,0.485,-0.369,-,-
1154,-0.891,-,-0.426,-0.234,-,-0.343,0.617
1155,-0.475,-0.265,-0.942,0.026,-0.405,0.577,-0.858
1156,0.562,0.648,0.461,0.067,0.367,-0.879,-0.491
1157,-0.952,-0.774,-0.106,-0.1,0.182,0.167,0.643
1158,-0.582,-0.173,0.636,-,0.563,-,0.647
1159,-0.016,-0.951,0.19,-0.582,0.256,-,-
1160,-0.16,-,-0.26,-0.893,-0.34,-0.644,-
1161,-,0.167,-0.293,-,0.129,0.257,0.998
1162,-0.829,-0.118,-,0.121,0.657,-0.067,0.223
1163,-0.408,-0.008,0.394,0.356,-0.191,-0.395,0.393
1164,-0.036,0.14,-0.271,-0.127,-,-0.256,-0.824
1165,-0.914,0.045,-0.301,0.73,0.76,-0.913,-0.134
1166,0.984,-0.111,0.539,0.223,-0.829,-0.058,-0.331
1167,-0.847,0.414,-0.758,-0.762,-0.209,-,0.95
1168,0.493,0.373,-,-0.436,0.505,0.847,-0.006
1169,-,0.429,-0.27,-0.219,-,-,-0.105
1170,-0.839,0.668,-0.626,-0.567,0.991,-0.652,0.731
1171,-0.732,-0.217,-,0.386,0.583,-0.097,-0.506
1172,-0.543,0.146,0.091,-0.218,-0.651,-,-0.218
1173,-0.139,0.349,-0.147,-0.877,-0.048,0.683,0.767
1174,-,0.393,-,-,0.447,-0.527,0.892
1175,0.694,-0.248,-,-0.983,0.831,-0.127,0.193
1176,-,0.752,-0.525,0.362,-,-,0.184
1177,0.278,-0.573,-0.201,0.699,-0.27,0.624,0.785
1178,-,-0.974,-0.37,-0.241,-0.333,0.603,-
1179,0.807,0.92,0.298,-0.318,-0.871,-0.783,-0.035
1180,-0.94,-,0.405,0.916,0.056,-0.955,-0.193
1181,-0.15,-0.572,-0.274,-0.087,-0.846,-,-0.386
1182,0.62,-0.459,-0.84,0.308,0.613,-,0.621
1183,0.635,-0.753,-0.967,-0.704,0.914,0.914,0.905
1184,-0.673,0.365,-0.862,-0.991,-0.464,-0.565,-0.492
1185,-0.323,0.158,0.024,-0.151,0.528,-0.486,0.93
1186,0.684,0.963,0.258,-0.249,-,-0.377,-
1187,0.605,-,0.171,0.155,0.156,-0.396,-0.772
1188,-,-,-0.044,0.579,0.118,-0.962,-0.913
1189,0.464,0.845,0.459,-0.279,-0.238,-0.708,0.532
1190,-0.412,-0.356,0.293,0.311,0.626,0.808,0.328
1191,-0.228,0.072,-0.077,-0.267,-0.156,-,0.612
1192,0.938,0.646,0.566,0.95,-0.451,-0.637,0.794
1193,0.239,-0.524,0.622,-0.58,0.131,0.206,0.987
1194,-0.817,0.431,-,-0.933,0.451,0.952,-0.872
1195,0.268,0.434,-0.271,-0.128,0.77,-0.66,0.693
1196,0.633,-0.023,-0.982,-,0.189,-0.06,0.205
1197,0.812,0.789,-0.487,0.393,0.59,0.033,0.755
1198,-0.852,-0.787,-0.106,0.242,0.137,-0.526,-0.473
1199,-0.07,-,-,-,-0.778,-0.688,0.058
1200,-0.098,0.718,-0.724,-0.697,0.6,-0.457,-0.069
1201,-0.49,0.807,-0.894,-0.494,0.865,-0.226,-0.194
1202,0.761,0.053,0.918,-0.811,0.205,0.178,0.991
1203,-0.914,-0.991,0.563,-0.843,0.491,0.562,0.502
1204,0.138,0.214,-0.711,0.218,0.117,-0.306,-0.101
1205,-0.126,-,0.978,-,0.554,0.541,-
1206,-0.556,-0.361,0.981,-0.17,0.375,0.942,-
1207,-0.274,-,-0.117,-0.058,-0.349,0.773,0.1
1208,-0.453,0.65,-0.837,0.955,-0.262,-,-0.93
1209,0.6,-0.153,0.348,-0.547,0.461,0.011,0.282
1210,-0.915,-0.113,-,-0.68,-0.418,0.533,-0.509
1211,0.11,-0.913,0.58,0.429,0.729,-0.131,0.867
1212,0.164,0.603,-,-0.805,-0.479,0.188,-0.22
1213,-0.75,-0.101,-,0.079,-0.196,-0.158,0.06
1214,0.433,-0.354,-0.851,0.118,-,-0.368,0.204
1215,-,0.005,0.139,-,-,0.428,0.248
1216,-0.528,0.707,-0.223,-0.023,-0.356,0.681,-0.53
1217,-0.897,-0.132,-0.722,0.095,0.632,0.915,-0.956
1218,-,-0.361,0.706,-0.541,0.153,0.687,-0.636
1219,-,-0.586,-0.022,-0.686,-0.396,-0.22,-0.031
1220,0.002,-0.679,-0.529,-,-,0.696,0.287
1221,-0.762,0.798,-0.135,0.38,0.895,0.393,0.527
1222,-0.413,0.521,0.808,0.58,0.6,0.152,0.062
1223,-0.313,-,-0.707,-0.841,0.74,-,0.424
1224,-,0.061,0.351,0.005,-0.665,0.236,-
1225,-0.651,-0.477,-0.847,-,0.313,-0.189,0.581
1226,-,0.767,0.353,0.61,-0.803,-0.194,-
1227,-0.107,-0.451,0.836,-0.026,0.49,0.321,-0.332
1228,0.351,-0.134,-,-0.079,-,0.485,-0.774
1229,-0.833,0.507,0.535,-,-,-,-0.204
1230,-0.109,-0.612,0.739,-0.84,-,-0.623,0.677
1231,-0.444,-0.5,-0.47,-0.164,0.477,0.984,0.656
1232,-0.573,-,0.284,0.661,-0.318,-0.94,-
1233,-0.432,-0.768,-0.734,-,-0.796,-0.049,-0.108
1234,0.571,-0.772,0.132,0.303,-,-0.613,-
1235,0.259,0.783,-0.995,-0.218,-,-0.845,-0.913
1236,-0.269,0.488,-0.117,-0.93,0.304,-0.144,-
1237,-,0.714,-0.717,-,0.478,-0.393,-
1238,-0.203,-0.217,-0.574,0.517,0.505,-0.431,-0.108
1239,-,0.271,-0.99,-0.553,-0.501,0.469,0.732
1240,0.35,0.222,-0.068,0.358,-0.739,-0.672,-0.201
1241,-,-0.414,0.605,-0.077,-0.701,0.902,-0.238
1242,-0.177,-0.032,-,-0.731,-0.228,-0.189,-
1243,-0.523,0.31,0.589,-,-,-0.305,0.847
1244,-0.888,-0.389,0.076,-0.809,0.228,0.417,-
1245,-0.629,-0.317,-0.537,0.278,-0.275,-0.337,-0.53
1246,-0.816,-0.985,-0.341,0.387,0.974,0.708,-0.275
1247,0.943,-0.863,-,0.629,-,0.461,-
1248,-0.844,-0.683,-0.575,-0.212,-0.9,-0.113,0.653
1249,0.639,0.53,-0.392,-0.622,-0.216,0.921,0.275
1250,-,-0.97,-,0.072,-0.264,0.038,-0.72
1251,-0.963,-,0.625,-0.168,0.952,-0.529,-0.158
1252,0.694,-,0.448,0.502,-0.345,0.262,-0.191
1253,0.61,0.831,-0.756,-,-,-,-0.671
1254,-,0.129,-0.217,-0.936,0.219,0.985,0.014
1255,-0.148,-,0.134,-0.264,-0.108,0.589,0.602
1256,-0.889,0.821,0.633,-,0.375,-0.614,0.74
1257,0.737,0.048,0.205,-0.892,0.815,0.489,-0.584
1258,-0.195,0.325,-0.298,0.352,0.581,0.162,-0.739
1259,-,-,-,-0.399,0.684,0.765,0.678
1260,0.654,0.588,-0.89,-0.586,0.156,-0.919,-0.438
1261,0.883,0.512,0.718,-,-,0.913,0.656
1262,-0.467,0.981,0.527,0.261,-0.538,0.38,-0.859
1263,0.216,0.424,-,-0.272,-0.628,0.96,-0.199
1264,-0.036,-0.344,-,0.376,-,-0.389,0.862
1265,0.861,-,-,-,-0.556,-0.023,-
1266,-,-0.024,0.232,-0.907,-0.721,0.523,0.585
1267,0.089,-0.231,-0.28,-0.81,-0.733,-,0.15
1268,-,-0.106,0.872,-0.447,0.592,-0.878,0.66
1269,0.906,0.497,-0.637,0.264,-0.468,-0.003,-0.716
1270,0.592,-,0.313,-0.895,0.319,0.78,0.456
1271,-0.111,0.149,-0.06,-0.72,0.711,0.291,-
1272,0.986,0.413,0.505,-,0.265,-0.937,0.555
1273,-,-0.313,-,-,-0.099,-,-0.862
1274,0.903,0.473,0.047,0.368,-0.416,-0.201,-0.523
1275,-,-0.242,0.974,0.467,-0.486,-0.455,0.474
1276,-0.579,-0.192,0.027,-0.433,-,-0.091,-0.611
1277,-0.577,-0.804,0.364,0.959,-0.737,0.507,-0.54
1278,-0.039,-0.37,-,0.939,-0.207,0.546,-0.886
1279,0.267,0.884,-0.713,-0.511,0.172,-0.303,-0.586
1280,0.772,0.033,0.314,-0.086,-0.97,0.769,-0.401
1281,-,0.471,-0.797,0.259,0.726,-0.94,-0.963
1282,0.159,0.238,-0.912,-0.931,-,-,-0.081
1283,-0.554,-0.844,-0.033,0.549,-,-0.62,-
1284,-0.691,0.141,-0.66,-,0.103,0.524,0.135
1285,-0.362,-0.626,-0.626,-0.313,-0.105,-0.692,-0.982
1286,0.755,-0.028,0.648,0.14,-,0.236,-0.903
1287,0.566,0.29,-0.77,0.739,-0.581,0.774,-
1288,0.072,0.797,0.278,0.228,0.857,-0.226,0.568
1289,-,0.119,-0.988,0.688,-0.827,0.567,-0.558
1290,-0.699,-0.605,-0.03,-0.646,-,0.691,-
1291,-0.005,-0.918,-0.268,-,0.167,-0.114,0.125
1292,-0.845,-0.895,0.754,-,0.183,0.143,-0.449
1293,-0.368,0.648,0.691,-0.719,0.127,0.534,-0.544
1294,0.034,0.956,0.748,-0.526,0.144,-0.695,-0.212
1295,0.369,0.386,0.491,-0.645,0.51,-,0.177
1296,0.05,0.129,0.462,0.932,-0.804,-0.381,-0.54
1297,-,-0.214,-0.689,0.637,0.305,-0.922,0.376
1298,0.856,0.738,-0.404,-0.877,-,0.127,-0.978
1299,-0.99,0.633,-,0.042,-,0.908,0.334
1300,-0.473,-0.207,0.963,-0.178,-0.899,0.19,-0.263
1301,-,-0.659,-0.267,0.18,-0.645,0.543,0.699
1302,0.836,-0.628,-,-0.616,-0.409,0.25,0.675
1303,-0.785,-0.436,-0.376,0.27,-0.608,-0.648,-0.914
1304,-0.733,-0.661,-,0.801,-0.341,0.964,-0.566
1305,-0.448,0.877,-,0.56,-,-0.21,0.377
1306,0.431,0.513,0.475,-,0.898,0.184,-0.565
1307,0.438,0.473,0.519,-,-0.095,0.428,-
1308,-0.442,-0.882,-0.652,-0.193,0.801,0.28,-0.832
1309,0.052,-,-0.754,-0.837,-0.542,0.445,-0.449
1310,0.142,0.896,-0.553,0.631,-0.116,-,-
1311,-0.452,0.299,0.214,0.963,0.965,0.679,0.448
1312,-0.471,0.127,-,-,-0.991,-0.789,-0.243
1313,-0.048,-0.24,0.828,-0.876,0.083,0.119,-0.882
1314,-,-,-,0.132,-0.607,0.232,-0.333
1315,0.482,-0.271,0.078,-0.37,0.547,-,-0.425
1316,-0.345,-0.902,0.127,-,-0.842,-0.013,-0.136
1317,-0.203,-0.516,0.562,-0.559,-0.155,-0.159,-0.816
1318,0.198,-0.318,-0.922,0.546,-,0.047,0.441
1319,-0.002,0.05,-0.66,0.459,-0.609,-0.793,0.479
1320,-0.134,-0.5,0.023,-0.718,0.947,-0.485,0.337
1321,-0.967,-0.606,-,-0.338,-,0.612,-0.685
1322,-,-0.4,0.474,0.449,-0.404,0.284,0.718
1323,0.45,-0.318,0.941,-0.822,-0.636,-,0.306
1324,-0.314,-,-0.439,-0.669,0.224,-0.355,0.453
1325,-0.773,0.188,-0.102,-,0.87,0.771,-0.137
1326,0.025,-0.468,-0.576,-0.982,-0.817,-0.743,-0.068
1327,-0.315,0.903,0.787,-0.379,-0.131,-0.295,0.311
1328,-0.422,0.436,-0.523,-,0.209,-0.987,0.55
1329,-0.159,0.589,0.515,-0.579,-,0.281,-0.673
1330,-0.774,-0.034,-0.117,0.738,0.641,0.463,-0.75
1331,-0.38,-0.478,-0.769,0.976,-,0.413,0.595
1332,-0.249,-0.303,0.717,-0.807,-0.602,-0.08,-0.201
1333,-0.825,-0.091,0.795,-0.867,-,-0.038,-0.851
1334,-0.923,0.303,0.973,-0.723,-,-0.444,-
1335,-,-,0.954,0.959,0.029,-0.908,-0.109
1336,-,0.695,-0.725,-0.172,-,-,-
1337,0.403,0.977,0.499,-0.001,-,-,0.002
1338,-0.434,-0.193,-,-0.244,0.22,-0.315,-0.095
1339,-0.882,-,-,0.499,-0.157,-0.552,0.74
1340,0.772,-0.22,-0.351,0.336,-,0.045,0.046
1341,-0.112,0.961,-0.084,-0.669,0.187,-0.734,0.915
1342,0.628,0.299,-0.919,-0.559,0.107,-0.719,-0.275
1343,0.589,-0.947,-,-0.902,-0.943,0.391,-0.749
1344,-0.01,-0.083,-0.305,-0.766,0.127,0.144,-0.438
1345,0.989,-0.508,0.593,0.283,0.69,-,-
1346,-0.683,-0.832,-0.401,-,0.985,0.044,0.678
1347,-0.47,0.371,-0.206,-,-0.474,0.562,0.677
1348,-0.089,0.653,-0.687,0.443,-0.089,0.485,-
1349,0.802,-0.623,0.311,0.567,-,-0.573,-0.615
1350,0.612,-0.421,-0.928,-0.311,0.84,0.929,0.119
1351,0.284,-0.161,0.902,-,-0.438,0.019,0.505
1352,0.712,-0.9,-0.785,-0.141,-0.086,0.577,-0.036
1353,-0.79,0.858,-0.268,-,-,0.146,-0.454
1354,-0.827,-,-0.004,0.847,0.169,0.07,0.498
1355,0.216,-,-,0.99,0.192,0.81,-0.272
1356,-0.361,-,-0.78,0.961,0.517,-,0.747
1357,-,0.573,0.09,0.565,-,0.132,0.329
1358,-0.12,0.588,-,-0.433,0.76,0.696,-0.017
1359,0.258,0.844,-0.135,-,-,0.724,-0.593
1360,0.597,0.153,-,-,0.063,-0.072,-0.02
1361,-0.887,-0.127,-0.662,-0.936,-0.029,-,-
1362,-,0.939,0.738,0.988,0.844,-0.801,-0.477
1363,0.415,-0.02,0.239,-,0.407,-0.439,-0.948
1364,0.81,0.827,-0.018,0.26,-,0.457,0.935
1365,0.557,-0.24,-,0.563,-0.806,-0.859,0.715
1366,0.823,-0.907,-0.521,-0.098,-0.224,0.737,-0.177
1367,-,-0.966,0.664,-,-,-0.044,-0.074
1368,0.882,0.313,0.588,-0.519,0.354,0.622,0.049
1369,-0.624,-0.146,-0.403,0.999,-0.888,-0.823,-0.649
1370,0.382,0.452,0.033,-0.709,-0.468,0.603,0.102
1371,-,-0.607,-0.643,-0.946,-,0.544,-0.446
1372,0.762,-,-0.984,-0.775,0.769,-,-
1373,-0.231,0.436,0.369,0.784,-0.878,0.453,-
1374,0.595,0.143,-0.968,0.552,0.151,-,0.987
1375,-0.533,-0.177,0.182,-0.613,0.487,0.583,-0.699
1376,-0.735,-0.863,0.819,0.198,0.642,-,0.752
1377,-0.176,-,-,0.472,-0.802,0.567,-
1378,-0.211,-0.13,-0.031,-,-,0.933,0.634
1379,0.835,0.004,0.425,-0.47,-,0.806,0.626
1380,0.178,0.368,0.292,0.23,-0.683,-0.559,-0.009
1381,-0.339,-0.795,0.077,-,-0.773,-0.629,0.129
1382,0.445,0.558,-0.008,-,0.045,-,-
1383,0.236,-0.089,0.253,-0.055,-,0.343,0.73
1384,-0.992,0.819,-,-,0.762,-,0.501
1385,-,0.02,-0.069,-0.622,-0.259,-,0.463
1386,0.11,-0.919,-0.757,-,-,0.54,0.66
1387,-0.324,-0.895,0.012,0.709,-,0.553,0.447
1388,-0.139,-0.188,-0.57,-,-0.588,-0.498,-
1389,-0.713,0.515,-0.801,-0.649,0.994,0.208,0.728
1390,0.928,0.749,0.638,-0.022,0.892,-0.22,-
1391,0.834,-,0.114,0.942,-0.256,-0.329,0.377
1392,-0.238,0.167,-,-,0.507,0.157,0.976
1393,-,-0.229,0.925,0.679,-0.53,-,-0.237
1394,-0.127,0.036,0.079,-,0.46,0.68,0.946
1395,0.723,0.714,-0.921,-0.124,-0.802,0.056,-0.079
1396,0.722,0.449,-0.74,-0.419,-,0.554,0.537
1397,-0.454,-0.682,-0.592,-0.387,-0.182,-,-0.247
1398,0.324,0.06,0.727,-0.927,0.77,0.794,0.15
1399,0.376,0.569,-0.711,0.084,-,-,-0.515
1400,-0.401,-0.316,-0.653,-0.321,0.573,-0.643,-0.855
1401,0.569,0.472,0.943,0.994,-0.875,-0.551,0.147
1402,0.386,-0.046,-,0.785,0.745,-,-
1403,-0.615,0.068,-0.71,-0.791,-0.084,0.448,0.494
1404,0.718,-0.473,0.397,-0.618,-0.32,-0.67,-
1405,-0.364,-,-,-,0.143,0.009,-0.955
1406,0.351,0.708,0.103,-0.82,0.98,0.66,-0.13
1407,-,-,0.725,-,0.539,-0.669,0.29
1408,-,0.728,0.706,0.52,0.574,0.957,-0.63
1409,0.427,-0.877,-0.619,-0.992,-0.934,0.112,-0.977
1410,-,-,-0.86,-0.313,0.24,-,-0.612
1411,0.284,0.882,0.167,0.944,-,-,-
1412,0.262,0.414,-0.603,0.727,-0.438,0.282,0.958
1413,0.994,-0.94,-,0.35,-0.622,-,0.633
1414,0.62,-,0.857,0.417,0.007,-0.603,-
1415,-0.743,0.514,-,-0.757,-,-0.784,-0.008
1416,0.437,-0.141,0.002,-0.915,-0.72,0.112,0.678
1417,-0.325,-0.74,-0.435,0.322,-,0.321,-0.95
1418,0.954,0.833,-0.088,0.504,-0.63,0.299,-0.472
1419,0.605,-0.082,0.217,-0.96,-,0.947,-0.024
1420,-0.634,-0.226,0.341,-0.976,-0.858,-0.146,0.068
1421,0.992,-0.799,0.444,-0.101,-0.245,0.065,-
1422,-0.47,0.739,0.286,0.444,0.163,-0.149,-
1423,0.171,0.701,-,-,-0.797,0.379,-
1424,-0.425,0.474,0.278,0.028,-0.933,0.202,0.74
1425,0.205,-,-0.586,-0.348,-0.813,-0.83,-0.378
1426,-0.314,-0.1,0.582,-,0.967,0.786,0.2
1427,0.026,-,0.619,-,0.732,-0.547,0.655
1428,-0.165,-0.419,0.371,-0.27,-0.043,-0.941,-0.367
1429,-,-0.352,0.018,0.229,-0.268,0.025,-0.948
1430,-0.137,-0.731,-,-0.643,-,-0.819,0.894
1431,-0.062,-,-0.824,0.837,-0.809,0.598,0.322
1432,-,-0.335,0.68,-0.105,-0.163,-,0.999
1433,-1.0,0.715,0.797,0.788,-0.068,-0.709,-
1434,-0.891,-,-0.579,-,0.202,0.39,-0.783
1435,-0.851,0.888,0.453,-,-0.036,-0.567,-0.577
1436,0.099,-,-0.261,-0.937,0.532,-0.465,-0.676
1437,-,0.634,-0.322,-0.656,-,0.382,-0.251
1438,-0.684,0.238,0.08,-0.417,0.19,-0.442,-0.804
1439,-0.951,-0.912,-,0.331,-0.887,0.454,0.232
1440,-,-0.798,0.376,0.916,0.62,0.814,0.447
1441,-0.666,0.422,0.374,-,-0.59,0.496,0.333
1442,0.708,-0.732,-0.492,-0.08,-0.803,-,-
1443,0.98,-0.312,-0.946,0.936,-0.785,0.508,0.553
1444,0.068,-0.641,0.521,-0.901,0.158,0.052,-0.023
1445,-0.031,-,-0.754,0.814,-0.206,-,0.306
1446,0.35,-0.76,-0.583,-0.657,-,-0.923,-
1447,-0.111,0.309,-,0.751,0.65,-,-0.804
1448,0.192,0.375,-0.116,0.087,0.048,-0.777,-0.423
1449,-0.395,-0.548,-0.524,-,-0.745,0.154,0.43
1450,-0.179,0.641,-,-,0.105,0.615,0.366
1451,0.595,-,0.817,0.54,0.613,0.585,-
1452,-0.112,0.802,-0.176,-0.473,0.683,0.71,-0.085
1453,-0.736,0.283,-0.44,-,-0.85,-0.932,-
1454,-,-0.769,0.314,0.436,0.343,-0.581,-0.887
1455,-0.44,0.939,-,-0.11,0.234,0.59,0.936
1456,-,0.14,-0.818,-0.832,-0.337,-,0.896
1457,-0.536,-,0.281,0.636,-,-,-0.382
1458,0.929,0.863,0.667,-,0.705,0.172,-
1459,-,0.152,0.078,-0.536,-0.975,-,0.382
1460,-0.502,-0.858,-,-,-0.776,-0.371,-
1461,-0.133,0.155,0.703,0.859,0.33,-0.083,-0.664
1462,0.651,0.453,0.503,0.722,-0.568,-0.087,0.502
1463,-0.221,-0.507,0.055,0.841,-0.385,0.566,-
1464,0.146,0.434,-0.29,0.875,0.869,0.019,-0.692
1465,0.366,0.212,-,-0.285,-0.146,0.924,-0.221
1466,0.987,-,-0.317,-,0.542,-0.583,-0.443
1467,0.133,0.856,0.661,0.955,0.091,-0.351,-0.843
1468,-0.569,0.788,-0.762,0.852,0.768,-,-0.381
1469,0.618,-0.033,-0.033,-0.13,-0.759,-0.081,0.048
1470,0.835,-0.776,-0.039,-,-0.309,-,-0.965
1471,-0.143,0.361,-0.291,-0.983,0.074,0.36,0.615
1472,-0.18,-0.37,-,0.848,-0.176,-0.781,0.641
1473,-,-0.742,-0.779,-,-0.412,0.339,0.714
1474,-0.052,0.982,0.302,0.906,-0.178,0.935,-0.398
1475,-0.074,-,-,0.161,0.029,-0.132,-0.549
1476,0.715,-0.358,0.125,-0.157,-0.01,-,0.314
1477,-0.476,-0.503,0.991,0.547,0.506,-,-0.158
1478,-0.132,-0.499,0.049,0.286,0.501,0.974,-0.556
1479,0.746,-0.034,0.911,-,0.791,0.071,-0.633
1480,0.665,-0.097,-,0.708,0.327,0.489,0.992
1481,-0.643,0.685,0.479,0.789,-,-0.228,-0.268
1482,-0.677,-,0.115,-,-0.359,-,-
1483,-,-0.586,-0.053,0.323,0.123,-,0.871
1484,0.589,-0.333,-0.002,-0.504,0.642,0.303,-0.073
1485,0.28,0.976,-0.942,0.056,0.064,0.929,0.276
1486,-0.328,-0.787,0.083,-,-0.357,0.135,-0.528
1487,-0.183,-0.844,0.325,0.922,-0.431,0.511,-0.189
1488,0.195,-0.422,-0.404,0.05,-,-0.747,-0.031
1489,-0.401,-0.454,-0.445,-0.326,-0.792,-0.725,-0.981
1490,0.787,-0.092,0.548,-0.864,-0.846,-0.359,0.658
1491,-0.545,0.066,0.988,-,-0.453,0.271,-0.469
1492,0.533,-0.382,0.884,-0.258,-0.64,-0.736,0.204
1493,-0.093,-0.111,-0.386,-0.587,-,-0.134,0.187
1494,0.425,0.196,0.024,-0.637,-0.363,0.609,-0.405
1495,-0.524,0.942,0.072,-0.094,0.374,-0.173,-
1496,0.504,-0.331,-,-0.742,0.803,0.594,0.088
1497,-0.809,0.843,0.915,0.093,-0.823,-0.432,0.521
1498,0.671,0.566,0.168,0.684,-0.272,0.167,0.231
1499,0.509,0.009,-0.842,0.87,-,-0.256,0.25
1500,0.199,-0.356,-0.11,0.614,-0.073,-0.862,-0.713
1501,-0.433,0.1,0.622,0.92,-0.957,-,-0.295
1502,-0.108,-0.811,0.868,-0.054,0.557,0.879,0.653
1503,-,-0.856,0.463,-0.441,-0.244,0.606,-0.367
1504,0.137,-0.964,0.041,0.066,-0.736,0.014,0.326
1505,0.95,0.303,-0.923,0.859,-0.773,0.998,-0.565
1506,0.383,-0.415,-0.438,0.889,0.034,-0.742,0.165
1507,-0.216,-0.162,0.059,-0.282,0.471,0.391,0.373
1508,-0.08,0.621,-0.925,0.166,-0.987,-0.721,0.266
1509,0.055,-,0.951,-0.597,-0.257,-0.848,-0.762
1510,0.564,0.93,0.183,-0.774,-,-0.585,-0.234
1511,-0.643,0.194,-,0.48,0.736,0.83,0.391
1512,0.06,0.14,-0.697,-0.176,0.73,-0.763,-
1513,0.389,-0.798,0.542,-0.321,-0.665,0.862,-0.65
1514,-0.562,0.026,0.636,0.578,-,-0.613,0.823
1515,0.942,0.258,-0.829,-0.174,-0.549,-,-0.75
1516,0.478,0.518,-0.306,-,-0.606,0.231,0.142
1517,-0.328,0.356,0.5,0.172,-,-0.002,0.49
1518,-0.776,0.689,-0.956,-0.601,-0.041,0.127,-0.189
1519,0.397,-0.783,-0.272,0.996,0.215,-0.261,-
1520,-,0.376,-0.879,-0.37,-0.927,-0.123,-
1521,0.789,0.945,-0.766,-0.034,0.927,-0.334,-0.637
1522,0.542,0.322,-0.943,-0.385,0.462,0.867,0.769
1523,-0.83,0.209,-,-,-0.387,0.461,-
1524,0.148,-0.676,0.021,-0.108,-0.374,0.082,-
1525,0.932,-0.868,-,0.381,-0.941,-0.085,0.717
1526,-0.16,0.657,-0.481,0.811,0.703,0.573,-
1527,-0.5,0.336,-0.647,0.259,0.208,-0.984,-
1528,-,-0.638,-0.721,-0.366,0.046,0.694,0.42
1529,0.465,0.581,0.258,-0.598,-,-,0.751
1530,-0.105,0.635,0.574,-0.838,-,0.381,0.982
1531,-,0.336,0.935,-0.982,-0.434,-0.077,-0.948
1532,-,-,-0.752,0.887,0.513,0.464,-0.229
1533,-0.114,-0.552,-0.296,-0.21,-0.123,0.603,-0.186
1534,-,-0.873,-,-,-0.886,0.742,0.763
1535,0.644,0.545,-0.709,0.749,-0.774,-,-
1536,-0.889,-0.543,0.658,0.312,-0.678,0.457,-
1537,-0.346,-0.013,-0.649,-0.85,-,0.63,-0.999
1538,-0.188,-,-0.881,0.987,0.04,-,0.639
1539,-,-,-,0.915,-0.22,0.434,-0.019
1540,0.73,-0.331,0.396,-,0.985,-0.176,-
1541,0.48,-0.233,0.331,-,0.194,0.887,-0.748
1542,-0.077,0.322,-0.227,0.215,0.264,-0.796,-0.817
1543,0.568,0.888,-,0.123,-0.947,0.017,0.142
1544,-0.755,-,-0.24,0.778,-0.144,-0.469,-0.457
1545,-0.204,-0.155,-0.094,0.936,-0.044,-,0.076
1546,-0.11,-0.834,0.169,-0.22,0.648,-,0.461
1547,0.76,-0.21,0.666,0.139,0.087,-0.256,-0.763
1548,-0.904,-0.635,-0.401,-0.721,-0.761,-0.88,0.275
1549,-,-0.598,-0.882,-,-0.761,0.113,0.829
1550,0.985,-,-0.945,0.849,-0.564,-0.68,0.409
1551,0.599,0.215,0.298,-0.219,0.85,-,-0.22
1552,-,-,0.414,-0.84,0.84,0.109,0.191
1553,-0.037,0.649,-,-0.123,0.14,0.954,0.001
1554,-0.615,0.376,-0.36,-0.063,0.723,-0.845,0.275
1555,0.772,0.873,-,-0.012,0.286,0.13,-0.24
1556,-0.278,0.263,-,-0.431,-0.12,0.887,-0.683
1557,0.715,-0.905,-0.578,-0.494,-0.854,0.899,-0.88
1558,-0.955,-,-0.227,-0.784,-0.628,-,0.706
1559,-,-0.841,0.664,0.708,0.943,-0.947,0.63
1560,-0.519,0.2,-0.818,0.369,0.45,0.316,0.705
1561,-,-,-0.073,0.011,0.08,-0.11,-0.374
1562,-0.477,-,0.988,-0.841,-0.823,-0.043,-0.142
1563,0.974,-0.088,0.571,-0.637,0.004,0.248,-0.988
1564,0.256,-0.588,-0.791,0.274,-,0.198,-0.216
1565,0.416,-0.358,0.12,0.274,0.394,-0.196,0.285
1566,0.32,0.852,-,-0.32,-0.74,0.433,0.644
1567,-0.075,-,0.734,-0.342,-0.642,-0.329,-
1568,0.657,-0.952,0.238,0.231,-0.237,0.034,-0.68
1569,-0.459,0.086,-0.658,-0.792,-0.391,0.915,-0.255
1570,-0.751,0.548,-,-0.19,-,0.715,-
1571,0.839,-,-0.779,-0.441,-0.724,0.885,0.916
1572,-,-0.305,-,0.863,0.393,-0.999,0.838
1573,0.213,0.169,-0.872,0.366,-,-0.268,0.789
1574,-,0.339,-0.246,-0.367,-0.411,-0.689,-0.797
1575,0.428,0.2,-0.815,0.577,-0.55,-,-0.335
1576,0.688,0.373,0.509,-,0.805,0.584,0.545
1577,-0.863,-0.092,-,-0.207,0.726,-,-0.915
1578,-,-0.983,0.316,-0.754,0.118,-0.652,-0.724
1579,-,-,0.735,-,-0.823,0.701,0.342
1580,-0.627,0.339,-0.646,0.674,-0.195,-0.052,0.204
1581,0.309,-0.039,0.258,0.918,0.853,0.882,-0.99
1582,-0.846,-0.316,0.177,-0.42,-0.724,-0.106,-0.754
1583,0.564,0.112,-,-,-0.27,0.466,0.226
1584,-0.202,0.03,0.214,-0.676,-0.516,0.173,-
1585,-0.25,-,0.439,-0.999,0.847,0.811,0.824
1586,-,-0.707,-,0.677,0.139,0.347,-0.5
1587,0.018,-,0.563,-0.263,-,-0.048,0.894
1588,-,-0.808,-0.756,-0.98,-0.509,-0.685,0.589
1589,-,0.538,-0.931,-,-0.169,0.348,-
1590,-,0.696,-0.661,-,0.082,-0.188,-0.976
1591,-0.278,-0.141,-,-0.864,-0.761,-,-0.316
1592,0.62,-0.303,-0.585,0.41,-0.494,-,0.557
1593,-0.278,-0.374,-0.199,0.68,-0.656,-0.602,0.33
1594,-0.236,-0.348,-,0.035,-,-0.614,-0.638
1595,0.983,0.308,0.082,0.274,-0.074,-0.467,-0.526
1596,0.176,-,-0.276,-0.636,0.561,-0.135,-0.928
1597,-,-,-0.335,-0.852,0.772,0.469,-
1598,-0.759,0.722,0.422,-0.415,-,-0.993,0.02
1599,0.773,-0.445,-0.748,-,0.536,-,-0.257
1600,-0.28,-,-0.176,-0.241,0.982,-0.767,-0.211
1601,0.668,-0.974,-,0.603,-,0.13,-0.244
1602,0.028,-0.297,-0.099,0.589,0.307,0.172,0.035
1603,0.876,0.276,-,0.917,-,-,0.386
1604,0.205,0.923,0.086,0.275,-,-0.013,-0.8
1605,0.121,0.812,-0.192,0.676,-,-,-0.094
1606,0.61,-0.179,-0.561,0.354,-0.157,0.668,0.824
1607,-0.56,-0.433,-0.346,0.925,-0.66,-0.749,-0.545
1608,-0.634,-0.267,-0.025,-0.427,0.466,0.614,-0.244
1609,-0.89,-,-0.713,-,-0.997,-0.772,-
1610,0.244,0.389,0.867,0.437,-0.431,0.178,0.121
1611,-0.121,-0.663,-0.634,-0.994,-0.879,-0.271,0.791
1612,-0.707,0.795,-0.512,0.684,-0.623,-0.226,-0.979
1613,-0.626,0.162,-0.954,0.767,0.884,0.038,-
1614,-0.264,0.566,-,-0.735,-0.543,0.773,-0.326
1615,0.128,0.122,0.755,-0.279,0.224,0.645,-0.333
1616,0.622,0.643,-0.07,-,-0.885,-0.054,-0.935
1617,-,-0.977,-,0.646,-,-0.629,-0.863
1618,-0.252,0.266,-0.204,-0.91,0.065,-,0.281
1619,-0.581,-0.422,-0.591,-,-0.318,0.728,0.898
1620,0.308,0.503,-0.922,-0.004,-,0.126,0.463
1621,-,0.029,-0.853,0.854,0.591,0.473,0.194
1622,-0.053,0.308,-0.438,-0.21,0.209,0.989,-0.107
1623,-,0.538,-0.154,-,0.812,-0.699,-
1624,0.131,-0.167,0.771,0.016,-0.096,-,0.262
1625,-0.035,-0.198,-0.65,-0.166,-,0.554,-
1626,-0.828,-0.446,0.64,-,0.749,0.278,0.5
1627,-,-0.455,-0.257,0.778,0.889,0.163,-0.508
1628,-0.625,-,-0.992,-0.623,-0.806,0.025,0.599
1629,0.815,-0.573,-0.914,0.301,0.989,0.667,0.108
1630,-,-0.489,-0.418,-0.131,0.412,-0.933,0.686
1631,-0.515,0.012,-0.273,0.74,0.038,-0.097,-0.191
1632,-0.665,0.849,-0.187,-0.924,-0.602,0.004,0.697
1633,0.063,0.086,-0.077,0.253,-0.335,-0.848,-
1634,-0.255,0.084,-0.839,0.066,0.555,0.755,0.846
1635,-0.191,0.446,0.001,-0.88,-0.416,0.089,0.098
1636,0.174,0.372,-0.438,-,0.667,-0.126,-
1637,0.574,-0.754,-,-0.027,0.345,-,-
1638,-0.668,-0.542,0.847,0.981,0.194,0.619,-0.781
1639,-0.776,-,0.091,0.614,-0.98,0.733,-0.292
1640,0.701,-,0.829,0.674,-0.774,0.792,-0.357
1641,0.614,-0.281,-,-0.721,0.264,0.246,-0.601
1642,-,-0.614,-,0.21,-0.318,-0.341,0.254
1643,-0.694,0.408,-0.35,0.726,-,-0.162,-
1644,-0.446,-0.415,-0.915,0.617,0.937,0.607,-0.754
1645,-0.545,0.845,-0.758,-,-0.818,-0.473,-
1646,0.853,-0.035,-,-0.938,0.68,-0.056,-
1647,-0.351,-0.794,-0.247,0.643,-0.733,-,-0.446
1648,-0.841,-0.84,0.739,-0.305,0.225,-0.197,-0.743
1649,0.855,-0.239,-0.532,-0.278,0.748,0.931,-
1650,0.699,-0.399,-0.048,0.494,-0.634,-0.851,-
1651,0.172,-0.028,-0.459,0.532,-0.783,-0.114,-0.965
1652,0.921,-0.3,0.9,-0.049,-0.081,0.988,-0.105
1653,0.615,0.367,-,-0.481,-0.167,-,-0.322
1654,-0.939,-0.752,0.649,-0.602,-0.138,-,-0.476
1655,0.083,0.266,0.679,-0.41,0.836,-0.984,-0.203
1656,0.416,-,0.867,0.534,-,-0.573,0.892
1657,-0.484,-,-0.446,-0.204,0.018,0.328,-0.886
1658,0.609,-0.379,0.435,-,-0.228,-0.041,-0.22
1659,-0.348,0.023,-0.405,-,0.46,0.161,-0.34
1660,0.154,0.32,-,0.44,-0.318,0.883,0.549
1661,-0.093,0.798,0.873,-0.108,-0.196,0.766,-0.954
1662,0.694,-0.872,-0.895,-,-0.901,0.407,-0.857
1663,0.948,-,0.357,-0.431,-0.412,-0.26,-
1664,0.022,-,-,0.284,0.393,0.677,0.105
1665,-0.604,0.036,-0.688,-0.751,-0.161,-,-0.27
1666,-0.639,-0.814,-0.319,-0.689,0.43,-0.383,0.702
1667,-0.926,-0.915,0.729,0.033,0.571,-0.011,0.968
1668,-,-0.709,-0.321,-0.3,0.496,0.252,-0.162
1669,0.633,0.247,-0.586,-,0.981,0.652,0.932
1670,-,0.062,-0.702,-0.46,-0.686,-0.962,-0.109
1671,0.101,0.667,0.53,0.093,-,-0.743,-0.573
1672,-0.629,-0.094,0.058,0.388,0.039,0.667,-
1673,-0.396,0.045,-0.91,-0.822,-,-0.651,-0.224
1674,0.287,-0.654,-,-,-0.809,0.226,-
1675,-0.74,0.297,0.51,-0.068,-0.397,0.759,-0.642
1676,0.615,-,0.892,-0.007,0.317,0.296,0.562
1677,-0.48,-0.194,0.877,-0.873,-0.943,-,0.477
1678,0.461,-0.583,-,0.51,-0.133,0.401,-0.484
1679,0.887,-0.99,-0.611,0.484,-,0.781,-0.38
1680,-,0.195,0.569,0.451,-0.539,0.535,-0.688
1681,-,0.159,0.358,-,0.675,0.786,-0.434
1682,0.841,-0.555,-0.715,-0.828,-0.329,0.316,0.103
1683,0.762,-0.465,-0.595,-0.947,-0.263,-,0.067
1684,0.931,-0.831,-0.545,0.608,-,0.639,0.1
1685,0.672,-0.42,0.809,0.813,-0.334,-0.722,0.64
1686,0.447,0.078,0.792,-0.196,0.947,-0.28,-0.282
1687,-0.108,0.829,-0.195,0.167,-,-,-0.149
1688,-0.744,-0.721,-0.244,-0.699,-0.111,-,0.721
1689,-0.551,0.791,-0.177,-0.997,0.236,0.988,-
1690,0.292,-0.865,0.802,-0.84,0.624,-0.12,-0.81
1691,-0.051,-,-0.332,0.296,-0.71,-0.519,-
1692,0.656,0.251,-0.247,-,-0.611,0.994,-0.883
1693,-0.488,-,-0.688,-0.484,-0.084,-0.825,0.652
1694,-0.803,-0.763,0.968,0.38,-0.153,-0.32,0.037
1695,0.864,-0.964,0.912,-0.526,-0.666,0.605,0.407
1696,0.508,0.526,-0.205,-,-,0.714,0.667
1697,0.923,-0.407,-0.815,-0.225,-,-,0.18
1698,0.626,0.973,-0.426,0.854,-0.478,-,-0.79
1699,-0.368,-,-0.816,-0.931,-0.785,-0.899,0.737
1700,-0.838,-0.256,0.844,-0.547,-,0.262,-0.078
1701,0.541,0.24,0.839,-0.324,-0.647,-,0.941
1702,-0.958,-0.543,0.108,-0.781,0.481,0.14,-0.662
1703,-0.513,0.124,-0.401,0.587,-0.715,0.094,-0.612
1704,0.558,-0.226,-0.059,-,0.596,0.856,0.525
1705,-0.196,-0.562,-0.211,0.176,0.915,0.384,-0.817
1706,-0.542,-,0.149,-,-0.152,-0.544,0.058
1707,0.5,0.978,-0.932,-0.565,-0.158,-0.826,0.498
1708,-0.136,0.785,0.885,-0.448,0.314,-0.691,0.616
1709,-0.477,-0.269,0.016,0.263,0.992,0.566,-0.517
1710,0.532,-,-,-,-0.671,0.008,-0.85
1711,-0.172,0.001,-0.286,0.261,0.704,-0.0,-
1712,0.911,-0.325,-0.838,-,0.35,-0.834,-0.395
1713,-0.713,-0.384,-,0.874,-,-,-0.057
1714,0.844,-,0.934,0.468,-,-0.74,-
1715,-,-0.941,0.012,-0.729,0.389,0.6,-
1716,-0.991,-0.738,0.241,0.152,0.665,0.354,-0.6
1717,0.6,0.107,0.525,0.058,0.758,0.016,0.855
1718,-0.189,-,0.693,0.169,0.244,-0.478,-
1719,-0.357,0.566,-0.209,-0.969,0.98,0.699,-0.368
1720,-,-0.04,-0.2,0.585,-,-0.341,0.338
1721,-0.957,-0.99,0.496,0.509,-,-0.997,-0.108
1722,0.155,-0.033,0.991,-0.878,0.576,0.114,-0.884
1723,-0.669,0.668,-,-,0.887,-,-
1724,-,-0.287,-0.877,-0.41,0.391,-0.85,0.734
1725,-,-0.711,-,-,0.844,-0.177,-0.878
1726,0.454,0.848,-,-,0.326,-,0.644
1727,0.81,0.521,0.019,-0.718,-0.982,-0.979,-0.896
1728,-,-0.405,-0.878,-0.05,-0.537,-0.914,0.541
1729,-0.983,0.752,0.176,0.037,0.638,0.966,-
1730,-0.988,0.721,-0.831,0.502,-,0.181,0.64
1731,-,-0.383,0.08,0.896,-,0.624,-
1732,-,-0.518,-,-0.942,-,-0.153,0.085
1733,-0.747,0.395,-0.333,0.739,-0.495,-,-0.413
1734,-0.408,0.295,-0.866,0.424,0.544,-0.984,-0.013
1735,-,0.454,-0.634,0.013,-,-,-0.816
1736,-,-,-0.843,0.08,0.927,-0.52,0.803
1737,-0.243,0.86,-0.939,-0.08,-0.012,-0.362,-
1738,-0.145,0.367,0.179,-0.824,0.585,-0.605,0.67
1739,-,-,-0.749,-,0.125,0.77,0.066
1740,0.292,0.665,0.038,-0.12,-0.6,-0.901,-
1741,-0.172,0.621,-,-0.156,-0.725,-0.847,-0.741
1742,0.094,0.856,0.366,-0.736,0.972,0.613,-
1743,0.3,-0.517,0.665,0.489,0.531,-,-0.228
1744,0.17,-,-0.486,0.329,-0.686,0.314,-0.438
1745,-0.268,-0.376,-0.108,0.723,-0.212,-0.332,0.413
1746,-0.974,0.807,0.29,0.312,0.547,0.097,-0.928
1747,-0.812,-0.506,0.779,0.003,0.887,0.849,-0.647
1748,0.444,0.464,-,-0.043,0.37,0.676,-
1749,-0.867,0.49,-0.219,0.424,0.105,-,-0.75
1750,-0.496,0.414,0.887,0.859,-0.968,-0.252,-
1751,0.273,0.221,-,-,0.114,-,-0.563
1752,-0.717,-0.959,-0.186,0.734,-,0.825,0.717
1753,-0.866,-0.418,0.891,-0.38,-,0.79,0.446
1754,-,-,0.311,0.928,-0.619,-0.964,-0.483
1755,-0.576,0.977,0.21,-0.805,0.896,-0.21,-0.792
1756,-0.324,0.54,-0.872,-0.216,0.041,-,0.424
1757,0.714,-0.119,-0.641,-0.858,-0.226,-0.112,0.778
1758,0.21,0.043,0.663,-0.296,0.35,-0.71,0.768
1759,-0.043,-,-0.266,0.781,-,-0.478,-0.04
1760,0.413,0.221,-,-0.951,0.576,-0.96,-0.003
1761,-0.507,-0.369,0.876,-0.592,-0.686,0.304,-0.932
1762,-0.427,0.081,-0.372,-0.124,-0.866,0.754,0.038
1763,-0.952,-,-,-0.823,0.139,-0.278,-
1764,-0.083,0.097,0.258,-0.582,-,0.007,-
1765,-0.535,0.137,-0.393,-0.8,-0.506,-0.391,-0.644
1766,-0.647,-0.665,0.495,0.444,0.737,0.653,-
1767,0.472,0.833,-0.493,0.444,-0.399,0.525,0.105
1768,0.488,0.027,0.75,-0.175,0.608,0.47,-0.839
1769,0.92,-0.401,0.615,-0.012,-0.152,-,-
1770,0.112,-0.266,-0.711,-0.242,-,0.368,-0.983
1771,0.464,0.692,0.593,-0.867,-0.182,-0.957,-0.263
1772,0.639,-,0.887,-0.044,0.57,-,-0.774
1773,-0.81,-0.883,-,0.681,-0.911,-,0.999
1774,-0.999,-0.302,-0.607,0.283,-0.182,-0.654,-0.288
1775,0.15,-0.909,-0.327,-,0.302,-0.91,0.314
1776,0.149,0.945,-,-0.101,0.387,0.391,0.501
1777,0.465,-0.805,0.747,0.032,-0.993,-0.761,0.437
1778,-0.011,-,-,-0.943,0.656,0.813,0.23
1779,0.524,0.25,-,-,-,0.03,-0.447
1780,-0.454,-0.404,0.364,-,-0.462,-0.422,-0.194
1781,0.457,0.232,-0.355,-0.963,-0.584,0.44,0.005
1782,0.323,-0.731,-,-,-0.234,0.19,0.539
1783,-0.984,-0.377,0.64,-,0.333,0.982,-0.957
1784,-0.017,0.846,0.542,-0.464,-0.962,0.664,0.756
1785,-0.394,0.963,0.072,0.726,0.339,0.183,-
1786,-0.761,-0.724,-0.196,0.877,-,-0.211,-0.399
1787,-0.534,-0.126,0.999,-0.076,-,0.72,-0.815
1788,-0.889,-0.787,-0.411,-0.808,0.209,-0.734,0.49
1789,-0.961,-0.211,-0.482,0.594,-0.182,0.291,0.197
1790,-0.423,0.911,-0.606,-0.308,-0.491,-0.639,-0.834
1791,-0.065,0.247,0.247,0.815,-0.454,-0.38,-0.788
1792,-,0.378,-,-0.888,0.29,-0.414,-
1793,0.528,-0.772,0.661,-0.287,-0.374,0.556,-0.49
1794,0.903,-,-0.685,0.85,0.782,0.105,0.253
1795,-0.691,-0.936,-0.36,-0.182,-,0.322,0.557
1796,0.462,-,-0.022,-,0.364,0.556,0.512
1797,0.656,0.895,0.968,-,0.888,-0.152,0.32
1798,-0.692,0.797,0.519,0.161,0.445,0.542,-0.762
1799,0.77,-0.843,-,0.183,0.722,-0.52,-0.168
1800,-0.251,-0.988,-0.322,0.581,0.863,-0.459,-0.52
1801,0.732,-,-,-,-,0.017,0.26
1802,-0.865,-0.679,-,0.115,0.052,-0.362,-0.913
1803,-,0.296,0.337,0.305,0.394,0.598,-
1804,0.815,-,-0.78,0.639,0.454,0.874,0.409
1805,0.479,-,-,0.274,-0.21,0.438,-
1806,-0.275,-0.25,0.567,0.554,-0.352,-0.539,-
1807,-,-,-0.098,-0.425,0.25,-0.082,-0.922
1808,0.058,-0.013,-0.183,-,-,-0.594,-
1809,-0.625,-0.823,-0.829,0.55,-0.527,0.248,-0.824
1810,-0.365,0.193,-,0.513,0.452,0.14,-
1811,-,0.74,0.399,0.546,-,-0.077,0.454
1812,0.306,-0.176,0.155,-,-0.318,-,-0.149
1813,0.045,-,-0.532,0.656,0.642,-0.827,-
1814,-0.904,-,0.109,-,-0.66,0.513,-0.07
1815,-0.575,-0.799,-0.803,-,0.396,0.174,0.108
1816,0.587,0.939,0.53,-0.94,0.163,0.932,0.016
1817,-0.604,-0.285,0.516,-0.689,-,-0.84,0.969
1818,-0.867,-,0.36,-0.144,0.629,0.73,0.18
1819,0.99,-0.669,0.504,-,-,-0.154,-0.093
1820,-0.868,0.474,0.41,-0.221,0.439,-0.271,0.988
1821,0.008,0.451,-0.231,0.922,-0.83,-0.975,-0.294
1822,-,0.009,-0.303,-0.743,-0.868,-,0.559
1823,-,0.572,-0.509,0.841,-0.547,-0.989,-0.076
1824,-0.578,-0.953,0.856,-0.061,-,-0.765,-0.408
1825,0.085,-,-0.538,-0.901,0.246,-,0.119
1826,0.573,-,-,-,0.952,-0.724,0.633
1827,-0.887,-,0.562,-,-0.515,0.353,-0.37
1828,-0.245,0.813,-0.345,0.428,-0.404,0.384,0.82
1829,0.323,0.657,-0.53,-0.231,0.904,-,0.421
1830,-0.791,0.691,0.675,0.377,0.565,0.265,-0.14
1831,-0.919,0.883,-,-,-0.462,0.424,-0.656
1832,-0.556,-0.341,-0.084,-,-0.734,-,-0.199
1833,-0.829,0.42,0.853,0.07,-0.922,-0.71,0.926
1834,0.355,0.883,0.144,-,0.265,0.21,-0.993
1835,0.006,-0.717,-0.573,0.055,0.12,-0.16,0.138
1836,-0.369,-0.308,-0.561,0.371,0.511,0.927,-
1837,0.259,0.468,-,0.481,0.536,0.158,0.466
1838,0.676,0.933,-0.181,-0.98,-0.519,-,-0.961
1839,0.836,-0.709,-,-0.454,0.785,-0.248,-
1840,-0.621,0.764,0.015,-0.304,-,-0.549,-0.167
1841,0.63,0.285,0.374,0.607,0.101,-0.302,0.71
1842,0.73,-,0.602,-0.103,0.663,0.561,0.682
1843,-0.983,-,0.009,0.17,0.862,-0.996,-
1844,-0.947,0.611,0.797,-0.897,0.061,-0.996,-0.504
1845,-,0.52,-,-0.629,-0.033,-0.998,-0.896
1846,0.459,0.586,-,-0.629,-0.158,-0.467,0.792
1847,-0.195,-0.035,-0.334,0.938,-0.663,0.933,0.589
1848,-0.66,0.287,0.372,0.563,0.087,0.611,-
1849,0.033,0.056,0.037,-0.095,0.737,0.733,-0.339
1850,-0.838,-,0.009,-0.458,-0.078,-0.254,-0.774
1851,0.515,-0.882,0.387,-0.768,-0.901,0.319,-0.652
1852,0.148,0.632,0.491,-0.971,-,0.815,0.683
1853,-0.332,-0.24,-,0.323,-0.522,0.471,-0.542
1854,-0.82,0.978,0.862,-0.551,0.89,-0.57,-
1855,0.535,-0.863,-,-0.489,-,0.997,0.476
1856,-0.925,-0.597,-0.537,-0.514,-0.732,-0.236,-
1857,-0.697,-0.825,-,-0.024,0.747,0.502,-0.671
1858,-,-0.274,0.558,0.538,-0.486,-0.716,0.168
1859,-,-0.345,0.541,-0.225,-,-0.736,0.7
1860,0.751,0.267,-,-0.59,-0.897,0.694,0.568
1861,0.324,-0.245,-0.992,0.976,0.118,0.13,-0.619
1862,-0.403,-0.232,0.314,0.881,-0.203,-0.243,-0.724
1863,-0.896,-,0.819,0.83,0.079,-,0.591
1864,-0.035,-,0.389,0.164,0.651,0.378,-0.391
1865,-,-,0.057,0.811,0.071,0.747,-0.344
1866,0.958,-0.709,0.247,-,0.168,0.62,0.527
1867,-0.599,0.666,-,-0.869,-0.55,-0.561,0.443
1868,0.428,-,-0.049,-,-,-0.072,-
1869,-0.048,0.123,0.998,-0.208,0.822,-0.982,-0.068
1870,-0.309,0.958,-0.316,-,-0.281,-0.503,0.972
1871,-0.965,0.52,0.107,-0.729,-0.2,-,-
1872,-0.038,-,0.121,0.114,-,-,-0.575
1873,0.86,0.854,-0.784,0.027,-0.857,0.374,0.846
1874,0.24,0.042,-0.564,-,0.802,-0.125,0.471
1875,-0.499,0.67,-0.883,-0.55,-0.835,0.592,-0.755
1876,0.511,-,0.142,0.839,0.867,0.199,0.586
1877,0.774,-0.056,-0.342,-0.133,0.09,0.103,0.539
1878,0.307,-0.662,0.064,-0.916,-0.857,0.765,-0.972
1879,-0.567,-,-,-0.302,-,0.814,-0.39
1880,0.442,-0.688,-0.209,0.525,0.398,0.383,-0.218
1881,0.108,-0.478,0.908,-0.722,-,-0.537,-0.506
1882,0.279,-0.279,0.823,0.034,-,0.651,-
1883,-0.11,-,0.447,0.104,0.209,-,0.854
1884,-0.405,0.226,-0.003,-0.402,-0.983,0.458,-0.737
1885,0.406,-,-,0.702,-,0.217,0.114
1886,-,-,0.663,-0.468,-0.863,-,-0.744
1887,-0.102,-,0.786,-0.644,0.859,-,0.352
1888,0.389,0.923,0.452,-0.925,0.009,-0.653,-0.782
1889,-0.384,0.628,-0.006,-0.856,-0.316,-0.417,0.325
1890,0.758,-0.493,-0.434,-0.814,0.23,-0.295,0.151
1891,-0.531,-0.7,-0.491,-0.098,-0.132,0.491,-0.382
1892,0.139,0.101,0.285,0.916,-,-0.995,0.275
1893,0.537,0.759,0.45,0.616,0.457,-,0.103
1894,-,0.574,0.398,0.799,-,-0.406,-0.454
1895,-,-,-,-0.731,-,-,-0.065
1896,-0.812,-0.728,-,0.641,0.689,-0.196,-0.091
1897,0.275,-0.999,-,0.137,0.135,0.273,-0.771
1898,-0.472,-0.191,-0.414,0.348,-,-,-0.771
1899,-0.31,0.676,0.267,-0.596,0.759,-0.364,-0.111
1900,-0.64,-0.351,-0.684,-0.974,-,-0.636,-0.553
1901,0.752,-,0.952,-0.524,0.377,-0.201,-
1902,0.181,0.536,0.336,0.564,0.008,-,0.424
1903,0.675,-0.116,-0.799,-0.994,-0.245,-0.914,-
1904,-0.978,-0.344,-0.098,-0.323,0.806,0.57,0.253
1905,0.836,0.341,0.609,-0.977,-,0.815,-0.003
1906,-0.566,-0.736,0.897,-0.981,-0.288,0.137,-0.9
1907,-,-0.373,-,0.739,-0.723,0.12,0.378
1908,-,-0.411,0.475,-0.374,-0.749,-,-0.897
1909,0.614,-0.722,0.831,0.639,-0.667,-0.809,-0.939
1910,-0.293,-0.167,0.124,-0.054,-0.201,-0.291,0.27
1911,-0.51,-0.75,-0.232,-0.409,0.373,0.767,0.182
1912,-0.514,-0.751,0.073,0.92,0.047,0.707,-0.476
1913,-0.677,-0.199,0.997,-0.878,0.979,-,0.093
1914,-0.353,-,0.151,-0.14,-,-0.953,0.885
1915,-0.579,-,0.616,0.714,0.297,-0.124,-0.667
1916,0.812,-0.038,-0.236,0.498,0.476,-0.181,-0.21
1917,-0.795,0.8,-0.834,0.533,0.069,0.995,-
1918,-0.925,0.339,0.839,-0.071,-0.288,-,0.93
1919,-0.357,-0.538,0.258,0.399,0.494,-0.503,-0.219
1920,-0.559,0.8,-0.559,-0.859,-0.196,-,-
1921,-0.304,-0.205,-0.292,0.782,0.728,-0.298,-0.506
1922,-0.269,0.75,0.167,0.612,-0.102,-0.708,-0.548
1923,-0.738,0.65,0.369,0.415,-0.909,-0.078,-
1924,-,0.873,0.214,0.647,-0.815,0.256,-0.257
1925,-0.876,0.778,0.625,0.395,-0.133,0.233,-0.248
1926,0.882,-0.945,0.265,0.804,-0.583,-0.735,-
1927,-0.376,0.788,0.999,-0.098,-0.552,-0.741,0.916
1928,-,-0.765,0.807,-,-0.112,-,-0.57
1929,-0.199,-0.13,0.236,0.898,-0.132,-0.023,0.549
1930,0.014,-,0.814,-0.643,0.004,-0.979,0.624
1931,0.393,0.719,-0.025,-,-0.252,-,0.045
1932,-0.902,-,0.553,0.147,-0.383,-0.84,0.787
1933,0.933,-0.001,-0.794,0.001,-0.873,0.322,0.777
1934,0.216,0.879,-0.28,0.338,-0.322,-0.874,-0.55
1935,0.784,0.379,-0.341,-,-0.599,0.85,0.255
1936,-0.474,-,-,0.15,0.92,-0.289,-0.54
1937,-0.535,-,0.888,-0.469,-0.834,0.845,0.093
1938,0.026,0.189,-0.833,-0.761,0.168,0.946,0.414
1939,0.502,0.734,-,-0.413,0.999,0.777,-
1940,0.172,0.353,-0.529,0.478,-,-0.373,-0.025
1941,-0.096,-0.945,-0.118,0.752,0.866,0.441,0.485
1942,0.348,-0.363,0.13,-,-0.796,-0.151,-
1943,0.49,-0.842,-,0.855,-,0.417,0.734
1944,-0.304,0.541,0.847,-0.153,0.289,-0.224,-0.69
1945,-0.076,-0.712,0.766,-0.249,0.004,0.07,0.043
1946,0.786,-0.496,-0.448,-0.386,-0.883,0.328,-
1947,0.952,-0.243,-0.27,-0.422,-,-0.995,-0.638
1948,-0.163,-0.736,-0.334,0.493,0.148,-0.568,-
1949,-0.045,-0.916,-0.787,-,-0.385,-0.348,0.954
1950,-0.695,0.236,-,-0.279,0.635,0.269,-0.258
1951,-0.251,0.213,0.877,-0.439,-0.202,-0.613,-0.488
1952,-,-0.781,-0.432,-0.116,-,0.212,-0.193
1953,-,0.668,-,0.789,0.453,-0.237,0.784
1954,0.855,-0.013,-0.626,-0.279,0.819,-0.814,-0.253
1955,-0.661,-0.662,-0.439,-0.981,0.426,-0.583,-0.53
1956,-,0.062,-,-0.305,0.318,0.585,-
1957,-0.007,0.2,-0.388,-0.077,0.579,-,-0.895
1958,-0.759,-0.058,0.234,0.846,-0.192,0.442,-
1959,0.24,-0.114,-0.09,-,0.084,-0.927,0.909
1960,0.078,-0.961,0.713,-0.841,0.38,-,-0.249
1961,-0.001,-0.263,-0.211,-0.292,0.059,0.947,0.346
1962,0.823,-0.894,-0.687,0.768,-0.947,0.976,0.371
1963,-,-,-0.846,-0.072,0.871,-,0.936
1964,-0.486,-0.603,-0.523,-0.424,-,-0.447,0.053
1965,0.76,-0.602,0.528,0.416,-0.547,-0.082,0.25
1966,-,-0.627,-,-0.792,-,-0.019,-0.328
1967,0.894,-0.974,-0.847,0.237,-0.764,-0.527,-0.343
1968,0.755,-0.662,-0.427,0.239,-,-0.946,-0.028
1969,-0.084,-0.393,-,-0.252,-,-,-0.845
1970,0.356,0.594,-,-0.016,-0.055,-0.352,0.825
1971,-0.183,-0.637,0.138,-0.002,0.121,0.828,0.406
1972,0.078,-0.16,0.495,-,0.908,-0.149,0.057
1973,0.419,-,-0.877,-0.326,0.662,-,0.68
1974,-0.341,-0.292,-,-0.397,-0.874,-,0.66
1975,0.046,-,-0.486,-0.711,-,-0.844,0.21
1976,-,0.167,0.629,-0.862,-0.275,-0.866,0.231
1977,-,-,-0.492,-0.681,-,0.641,0.476
1978,-0.764,-,-0.085,-0.157,0.837,-0.923,-
1979,0.187,-0.81,-0.73,-0.356,-0.676,0.2,-0.445
1980,0.074,0.982,-0.663,-0.209,-,-0.1,0.884
1981,-0.97,-0.505,0.246,-0.968,-0.436,0.106,-
1982,-0.255,0.974,-0.383,0.448,0.657,-0.339,-
1983,-0.806,-0.901,-0.149,0.773,0.906,-0.591,-0.194
1984,0.992,0.553,-,-0.347,-0.805,-,0.668
1985,0.989,-,-0.723,0.899,-,0.305,0.806
1986,-0.789,-,-,-0.629,0.698,-0.365,0.098
1987,0.67,-0.058,-0.163,0.894,-0.1,-0.207,0.648
1988,0.77,-0.485,0.014,-0.857,-0.935,-0.445,-0.611
1989,-,0.126,-,-,0.295,-,-0.514
1990,-,0.24,0.911,0.995,0.034,0.935,-
1991,-0.624,0.989,0.265,-0.908,-0.8,-0.304,-0.99
1992,-0.978,0.511,0.048,0.703,-0.845,-0.95,-0.307
1993,-0.224,-0.61,-0.221,-0.177,-,-0.589,-0.328
1994,-0.224,-0.173,0.942,-0.126,-,0.478,0.044
1995,0.447,-0.638,-0.815,0.691,0.682,-0.376,0.598
1996,0.44,0.784,-0.557,-,-0.27,0.702,-0.913
1997,0.58,-0.827,-0.558,-0.859,0.89,0.728,-0.232
1998,-,0.484,0.982,-0.662,0.175,0.528,0.471
1999,0.123,-0.068,0.366,0.245,0.382,0.192,-0.498
2000,-,-0.116,-0.159,-0.322,-0.273,-0.702,-
