1, -0.97, -0.24
2, 2.87, 0.48
3, -0.49, -0.08
4, -2.09, -0.35
5, 2.12, 0.42
6, -0.33, -0.08
7, 0.35, 0.06
8, -0.54, -0.11
9, 0.43, 0.06
10, 1.96, 0.28
11, -0.02, -0.01
12, -1.07, -0.18
13, -0.42, -0.1
14, -1.03, -0.17
15, -0.82, -0.2
16, 0.72, 0.1
17, 1.2, 0.24
18, -0.91, -0.13
19, -2.03, -0.34
20, -0.49, -0.08
21, 0.77, 0.13
22, -1.1, -0.18
23, -1.93, -0.39
24, 0.31, 0.04
25, 1.34, 0.19
26, -0.68, -0.17
27, -1.03, -0.21
28, -1.57, -0.26
29, 0.35, 0.07
30, 2.51, 0.5
31, -1.01, -0.14
32, 0.6, 0.12
33, -1.01, -0.17
34, -0.68, -0.1
35, 0.49, 0.07
36, 0.15, 0.03
37, -1.37, -0.2
38, -2.4, -0.4
39, 0.75, 0.13
40, -1.31, -0.22
41, -0.49, -0.08
42, 0.19, 0.03
43, -0.84, -0.21
44, 2.31, 0.33
45, -1.04, -0.17
46, 2.14, 0.36
47, 1.16, 0.19
48, 1.12, 0.16
49, -0.45, -0.06
50, 0.41, 0.07
51, -1.04, -0.15
52, -0.03, -0.0
53, 0.82, 0.12
54, -0.67, -0.1
55, 0.29, 0.06
56, -0.97, -0.16
57, 2.43, 0.35
58, 2.83, 0.4
59, -0.26, -0.05
60, 0.07, 0.01
61, -0.49, -0.08
62, 2.61, 0.37
63, -1.19, -0.17
64, -0.31, -0.06
65, 0.14, 0.02
66, 0.97, 0.16
67, -3.63, -0.52
68, 1.71, 0.24
69, -0.08, -0.02
70, -1.23, -0.21
71, -1.24, -0.25
72, -1.45, -0.24
73, -1.05, -0.21
74, 1.48, 0.3
75, -0.6, -0.12
76, -1.6, -0.23
77, -0.68, -0.11
78, 0.5, 0.07
79, -1.69, -0.34
80, -0.4, -0.07
81, 0.89, 0.18
82, 0.73, 0.12
83, 1.32, 0.26
84, 0.67, 0.11
85, -1.72, -0.43
86, 0.23, 0.03
87, -0.56, -0.08
88, 1.6, 0.23
89, 0.43, 0.07
90, 1.09, 0.16
91, 0.89, 0.13
92, -1.27, -0.21
93, -0.41, -0.07
94, -1.3, -0.22
95, 1.86, 0.27
96, -0.84, -0.12
97, -0.42, -0.06
98, -1.04, -0.15
99, -0.03, -0.0
100, 0.66, 0.11
101, -1.81, -0.3
102, -1.22, -0.2
103, -0.88, -0.18
104, 0.36, 0.06
105, -1.74, -0.29
106, -0.87, -0.14
107, -2.34, -0.47
108, -0.39, -0.08
109, -1.11, -0.19
110, -2.01, -0.34
111, 1.69, 0.34
112, -1.79, -0.26
113, 1.49, 0.3
114, -0.68, -0.11
115, 0.64, 0.13
116, -0.14, -0.02
117, 0.98, 0.14
118, -0.34, -0.07
119, -2.14, -0.36
120, 1.22, 0.31
121, -2.61, -0.43
122, 0.62, 0.09
123, -0.72, -0.12
124, 2.24, 0.32
125, -0.17, -0.03
126, 0.14, 0.03
127, 0.34, 0.08
128, -1.3, -0.19
129, 1.09, 0.16
130, -0.1, -0.03
131, 0.14, 0.03
132, -1.91, -0.27
133, -0.32, -0.05
134, -2.29, -0.46
135, -0.73, -0.15
136, 0.62, 0.1
137, 0.29, 0.05
138, 2.82, 0.4
139, 0.64, 0.09
140, 1.55, 0.22
141, -0.21, -0.03
142, 0.56, 0.09
143, -2.57, -0.43
144, -0.06, -0.01
145, 0.59, 0.1
146, 0.67, 0.13
147, 1.47, 0.25
148, -1.01, -0.2
149, -0.57, -0.11
150, 3.17, 0.53
151, -0.2, -0.03
152, -0.42, -0.08
153, 2.16, 0.31
154, 1.61, 0.23
155, 0.57, 0.1
156, 1.26, 0.25
157, 1.22, 0.2
158, -1.72, -0.34
159, -0.25, -0.05
160, -0.15, -0.02
161, 2.22, 0.37
162, 1.93, 0.28
163, 0.07, 0.01
164, -1.54, -0.26
165, 0.61, 0.09
166, -1.55, -0.26
167, -0.23, -0.04
168, 0.54, 0.09
169, 0.42, 0.06
170, 1.55, 0.22
171, 0.61, 0.15
172, 0.26, 0.04
173, 0.6, 0.12
174, -0.62, -0.12
175, 0.06, 0.02
176, 0.32, 0.06
177, 0.41, 0.08
178, 1.48, 0.25
179, 0.87, 0.22
180, 2.36, 0.39
181, 2.32, 0.33
182, 0.72, 0.1
183, -1.14, -0.23
184, -1.65, -0.27
185, -1.2, -0.17
186, 0.61, 0.09
187, 1.7, 0.42
188, -0.01, -0.0
189, -1.55, -0.26
190, -2.29, -0.38
191, 0.19, 0.03
192, -1.4, -0.23
193, 0.61, 0.12
194, 2.14, 0.36
195, -2.64, -0.44
196, -1.81, -0.45
197, 3.5, 0.58
198, 0.68, 0.11
199, 1.95, 0.39
200, -0.69, -0.1
201, -0.39, -0.08
202, -0.53, -0.09
203, -1.37, -0.27
204, -2.1, -0.35
205, -1.9, -0.32
206, -0.64, -0.11
207, -0.21, -0.03
208, -0.39, -0.06
209, 2.29, 0.38
210, -0.17, -0.02
211, -0.11, -0.02
212, -3.9, -0.56
213, 1.86, 0.31
214, -0.36, -0.07
215, -1.73, -0.35
216, -0.47, -0.09
217, 0.58, 0.12
218, 0.58, 0.12
219, -0.76, -0.13
220, -0.72, -0.1
221, -1.7, -0.24
222, -1.12, -0.19
223, -0.64, -0.13
224, -0.6, -0.12
225, -0.01, -0.0
226, -0.87, -0.12
227, 0.47, 0.08
228, -0.85, -0.14
229, -0.38, -0.08
230, 2.21, 0.44
231, -1.44, -0.24
232, 1.47, 0.24
233, -0.68, -0.11
234, 0.94, 0.16
235, 0.97, 0.19
236, -2.6, -0.43
237, 0.16, 0.02
238, -1.76, -0.29
239, 1.36, 0.23
240, 0.85, 0.14
241, -1.06, -0.18
242, 0.24, 0.03
243, 0.23, 0.05
244, 0.49, 0.12
245, 0.31, 0.04
246, 2.78, 0.46
247, 0.33, 0.07
248, 0.62, 0.1
249, 0.0, 0.0
250, -0.24, -0.04
251, 1.62, 0.27
252, -1.22, -0.17
253, -4.14, -0.59
254, -1.1, -0.18
255, -0.8, -0.13
256, 0.33, 0.06
257, -0.88, -0.13
258, 1.77, 0.59
259, 0.54, 0.09
260, 0.65, 0.09
261, -0.59, -0.1
262, 2.19, 0.37
263, -1.61, -0.27
264, -2.54, -0.51
265, 1.49, 0.3
266, 3.26, 0.65
267, 0.21, 0.03
268, -0.32, -0.08
269, 1.57, 0.22
270, -3.11, -0.52
271, 0.68, 0.14
272, 1.91, 0.38
273, 0.54, 0.09
274, -0.72, -0.14
275, -0.8, -0.11
276, 1.35, 0.23
277, -0.35, -0.06
278, 1.8, 0.36
279, 0.87, 0.14
280, -1.09, -0.27
281, -0.26, -0.04
282, -1.48, -0.21
283, -0.06, -0.01
284, -3.77, -0.75
285, -2.29, -0.46
286, 0.99, 0.17
287, 1.32, 0.26
288, 1.38, 0.2
289, 0.65, 0.09
290, 0.45, 0.06
291, 0.03, 0.01
292, 3.54, 0.51
293, -1.27, -0.18
294, 2.05, 0.34
295, 1.75, 0.25
296, -0.19, -0.04
297, 0.13, 0.02
298, 0.13, 0.02
299, 2.06, 0.29
300, -1.46, -0.24
301, 1.51, 0.25
302, -0.53, -0.08
303, 1.79, 0.36
304, 1.3, 0.22
305, -2.43, -0.4
306, 1.66, 0.33
307, -0.1, -0.01
308, 0.7, 0.12
309, 0.72, 0.18
310, -2.34, -0.39
311, -1.62, -0.32
312, 0.25, 0.05
313, 0.73, 0.12
314, 3.32, 0.55
315, -1.41, -0.2
316, 0.48, 0.08
317, -0.09, -0.01
318, 1.62, 0.32
319, 1.31, 0.22
320, 1.56, 0.31
321, 1.15, 0.19
322, 0.57, 0.11
323, -0.05, -0.01
324, 1.61, 0.27
325, -2.25, -0.32
326, -1.98, -0.28
327, 0.89, 0.18
328, 1.33, 0.27
329, -0.76, -0.13
330, 0.24, 0.05
331, -1.03, -0.17
332, 1.43, 0.24
333, 0.56, 0.14
334, -0.9, -0.18
335, 2.23, 0.32
336, 0.09, 0.02
337, -0.41, -0.06
338, 1.07, 0.18
339, -1.53, -0.31
340, 0.86, 0.14
341, -0.98, -0.14
342, 0.12, 0.02
343, -0.47, -0.12
344, 1.86, 0.31
345, -1.75, -0.29
346, 0.81, 0.13
347, 0.66, 0.13
348, 0.08, 0.01
349, -1.01, -0.14
350, 0.7, 0.17
351, -0.61, -0.1
352, -2.26, -0.38
353, 0.38, 0.05
354, 1.38, 0.23
355, 0.8, 0.13
356, -2.03, -0.34
357, 1.32, 0.22
358, -0.11, -0.02
359, -0.8, -0.16
360, 0.4, 0.07
361, 2.85, 0.41
362, 0.29, 0.07
363, 0.36, 0.06
364, 1.27, 0.32
365, -0.39, -0.1
366, -1.12, -0.16
367, 0.12, 0.02
368, 2.31, 0.38
369, 1.3, 0.19
370, 1.46, 0.29
371, -0.51, -0.08
372, 0.23, 0.05
373, -0.03, -0.01
374, -0.07, -0.01
375, 0.2, 0.04
376, 2.11, 0.3
377, -2.54, -0.42
378, -0.15, -0.03
379, 1.06, 0.15
380, 0.43, 0.07
381, -1.15, -0.19
382, 0.63, 0.11
383, 0.55, 0.08
384, -1.07, -0.15
385, 1.19, 0.24
386, -2.66, -0.44
387, 0.87, 0.15
388, -0.72, -0.1
389, 1.65, 0.33
390, 0.01, 0.0
391, 1.21, 0.24
392, 0.13, 0.03
393, 2.9, 0.48
394, 0.83, 0.14
395, 0.8, 0.13
396, 1.08, 0.15
397, -1.59, -0.27
398, -0.07, -0.01
399, 2.36, 0.39
400, -1.86, -0.31
401, 0.35, 0.06
402, -0.94, -0.13
403, -1.31, -0.22
404, -0.86, -0.17
405, -1.13, -0.19
406, -1.8, -0.26
407, 1.39, 0.2
408, 0.64, 0.16
409, 0.75, 0.11
410, -0.5, -0.07
411, -0.17, -0.06
412, -1.44, -0.24
413, -0.48, -0.07
414, 1.04, 0.15
415, 1.02, 0.17
416, -0.67, -0.1
417, -1.56, -0.31
418, 0.41, 0.07
419, -0.02, -0.0
420, -1.57, -0.26
421, -1.25, -0.21
422, -1.62, -0.27
423, -1.51, -0.22
424, -1.06, -0.15
425, 2.63, 0.44
426, -0.33, -0.06
427, -1.91, -0.27
428, -0.31, -0.05
429, -1.3, -0.22
430, 0.56, 0.09
431, -0.91, -0.15
432, 3.15, 0.52
433, -0.21, -0.03
434, 0.6, 0.09
435, -3.43, -0.57
436, 1.0, 0.25
437, -1.13, -0.16
438, 0.64, 0.21
439, 0.21, 0.04
440, -2.45, -0.35
441, -0.87, -0.12
442, 2.57, 0.43
443, 1.19, 0.2
444, -0.48, -0.1
445, -2.37, -0.39
446, 0.15, 0.02
447, -1.19, -0.24
448, 0.97, 0.16
449, 0.62, 0.09
450, -0.48, -0.1
451, -0.7, -0.12
452, -0.16, -0.03
453, 1.56, 0.22
454, -0.02, -0.0
455, 1.1, 0.18
456, 0.87, 0.29
457, -0.27, -0.04
458, 0.6, 0.09
459, 0.49, 0.1
460, 0.9, 0.15
461, 2.04, 0.41
462, 1.67, 0.24
463, 0.91, 0.15
464, 0.63, 0.09
465, 2.38, 0.4
466, 1.49, 0.21
467, -1.58, -0.4
468, 1.75, 0.29
469, -2.21, -0.44
470, -1.47, -0.21
471, -1.44, -0.21
472, 0.07, 0.01
473, -2.09, -0.3
474, -0.85, -0.12
475, -0.81, -0.16
476, 0.94, 0.19
477, 1.36, 0.23
478, 0.33, 0.07
479, 1.25, 0.25
480, -0.15, -0.03
481, -0.29, -0.05
482, -0.2, -0.03
483, 1.15, 0.16
484, -0.54, -0.09
485, 3.06, 0.61
486, -2.29, -0.33
487, 1.27, 0.21
488, -3.07, -0.44
489, -1.34, -0.22
490, -0.57, -0.11
491, -0.86, -0.21
492, -0.86, -0.17
493, -0.44, -0.06
494, 1.59, 0.27
495, 3.49, 0.58
496, -0.13, -0.02
497, -2.73, -0.46
498, -2.31, -0.38
499, -0.93, -0.16
500, -0.51, -0.13
501, 0.12, 0.02
502, -1.33, -0.19
503, -1.08, -0.22
504, 0.75, 0.11
505, 1.07, 0.15
506, 0.66, 0.13
507, -0.77, -0.13
508, 0.76, 0.19
509, -0.48, -0.08
510, -0.76, -0.11
511, 0.96, 0.24
512, 0.2, 0.04
513, 0.58, 0.1
514, 0.49, 0.1
515, -1.12, -0.22
516, 3.23, 0.46
517, 0.17, 0.02
518, 1.29, 0.18
519, -1.52, -0.22
520, -0.58, -0.1
521, 0.73, 0.18
522, 0.2, 0.03
523, -0.76, -0.11
524, 0.51, 0.07
525, 0.94, 0.24
526, 1.92, 0.38
527, 0.42, 0.08
528, 1.25, 0.21
529, 2.46, 0.41
530, 0.64, 0.16
531, 0.88, 0.15
532, 1.8, 0.45
533, -0.41, -0.07
534, 0.84, 0.21
535, -0.77, -0.15
536, 3.76, 0.75
537, -2.14, -0.36
538, -2.17, -0.31
539, -0.81, -0.13
540, 1.28, 0.26
541, -1.15, -0.29
542, 0.01, 0.0
543, -1.22, -0.17
544, -1.72, -0.29
545, 0.82, 0.16
546, -1.21, -0.2
547, 1.17, 0.19
548, -1.15, -0.16
549, 1.8, 0.36
550, 0.25, 0.05
551, -0.28, -0.04
552, 2.08, 0.3
553, -2.49, -0.36
554, -0.27, -0.07
555, -1.34, -0.22
556, -1.16, -0.29
557, -2.24, -0.32
558, -0.64, -0.13
559, -1.47, -0.21
560, -0.95, -0.16
561, 2.43, 0.4
562, 1.18, 0.2
563, 1.19, 0.2
564, 1.27, 0.18
565, -1.06, -0.15
566, -1.15, -0.16
567, 1.16, 0.29
568, 0.63, 0.13
569, -1.62, -0.27
570, -0.68, -0.1
571, 1.76, 0.44
572, 0.45, 0.06
573, 0.11, 0.02
574, 1.72, 0.34
575, 0.64, 0.09
576, 0.08, 0.01
577, -0.11, -0.02
578, -1.18, -0.24
579, -0.81, -0.14
580, 0.09, 0.02
581, -1.92, -0.38
582, -1.82, -0.3
583, -1.32, -0.22
584, -0.67, -0.13
585, -3.69, -0.62
586, 0.96, 0.14
587, -2.1, -0.42
588, -1.97, -0.28
589, -0.15, -0.05
590, -0.38, -0.06
591, -0.33, -0.16
592, 0.35, 0.06
593, 0.34, 0.06
594, -1.98, -0.28
595, 1.39, 0.2
596, 1.39, 0.23
597, -0.53, -0.11
598, -0.65, -0.09
599, -3.41, -0.57
600, -1.81, -0.3
601, 0.41, 0.07
602, 0.08, 0.01
603, 3.02, 0.5
604, -0.12, -0.02
605, -1.39, -0.23
606, -1.57, -0.22
607, -0.62, -0.09
608, -0.0, -0.0
609, 2.03, 0.34
610, -0.92, -0.15
611, -0.88, -0.13
612, -0.97, -0.19
613, 1.0, 0.17
614, -0.85, -0.17
615, 1.19, 0.2
616, -0.63, -0.13
617, 1.23, 0.25
618, -1.09, -0.16
619, 0.45, 0.07
620, 1.82, 0.26
621, -0.78, -0.11
622, 0.33, 0.07
623, 1.22, 0.2
624, 0.09, 0.02
625, 0.44, 0.09
626, -0.74, -0.11
627, 1.13, 0.23
628, -0.52, -0.09
629, -0.85, -0.12
630, 0.49, 0.08
631, 1.5, 0.21
632, 0.56, 0.14
633, -2.32, -0.46
634, -1.7, -0.34
635, -0.35, -0.09
636, -0.87, -0.14
637, 0.74, 0.12
638, -0.47, -0.07
639, -1.57, -0.26
640, -0.69, -0.1
641, -0.22, -0.04
642, 0.26, 0.06
643, 0.1, 0.02
644, -0.37, -0.06
645, -0.05, -0.01
646, 0.03, 0.01
647, -0.17, -0.02
648, -0.27, -0.05
649, 2.34, 0.33
650, 0.48, 0.08
651, 1.48, 0.21
652, 2.02, 0.4
653, 1.77, 0.35
654, -0.52, -0.07
655, 1.15, 0.19
656, 1.42, 0.24
657, -1.14, -0.23
658, -1.12, -0.19
659, 2.87, 0.41
660, -1.57, -0.22
661, 1.11, 0.22
662, 0.77, 0.13
663, -2.73, -0.46
664, -2.04, -0.29
665, 1.7, 0.28
666, -2.96, -0.49
667, 0.42, 0.06
668, 1.99, 0.28
669, -1.05, -0.21
670, -0.02, -0.0
671, 0.12, 0.02
672, -3.59, -0.51
673, 0.3, 0.06
674, 2.34, 0.33
675, 0.12, 0.02
676, 1.12, 0.22
677, 0.28, 0.04
678, -0.84, -0.14
679, -1.74, -0.25
680, 1.58, 0.23
681, -1.3, -0.19
682, -1.65, -0.24
683, 0.05, 0.01
684, 0.91, 0.13
685, 0.52, 0.1
686, 0.45, 0.08
687, -3.73, -0.53
688, -1.21, -0.17
689, 1.32, 0.22
690, 0.19, 0.03
691, 0.55, 0.09
692, 2.16, 0.43
693, 1.76, 0.29
694, 2.77, 0.46
695, -1.47, -0.24
696, 1.19, 0.24
697, -0.01, -0.0
698, 0.25, 0.04
699, 1.27, 0.18
700, -0.18, -0.03
701, -0.09, -0.02
702, 0.08, 0.01
703, -2.07, -0.3
704, 1.26, 0.25
705, -0.29, -0.05
706, -1.17, -0.19
707, -1.39, -0.23
708, -0.69, -0.11
709, 0.08, 0.01
710, -0.81, -0.12
711, -0.07, -0.01
712, -0.31, -0.05
713, -1.4, -0.23
714, -1.8, -0.3
715, 0.28, 0.04
716, -0.7, -0.14
717, 1.79, 0.26
718, -0.64, -0.09
719, 0.59, 0.08
720, 1.4, 0.23
721, 1.65, 0.33
722, 0.57, 0.08
723, 0.23, 0.03
724, 0.04, 0.01
725, 0.47, 0.08
726, 0.24, 0.04
727, 0.29, 0.06
728, -0.48, -0.08
729, -0.42, -0.06
730, 0.48, 0.1
731, -1.55, -0.26
732, 0.67, 0.11
733, 1.53, 0.26
734, -1.68, -0.28
735, 1.72, 0.25
736, -1.42, -0.24
737, 2.3, 0.38
738, -1.08, -0.15
739, 0.3, 0.06
740, -0.59, -0.08
741, 0.21, 0.04
742, -1.55, -0.31
743, 1.27, 0.21
744, -2.59, -0.43
745, 0.46, 0.09
746, 5.16, 0.74
747, -0.58, -0.1
748, -1.14, -0.23
749, -1.57, -0.26
750, 1.0, 0.14
751, -0.44, -0.09
752, -1.19, -0.17
753, 0.17, 0.04
754, 2.58, 0.52
755, 0.79, 0.16
756, -2.46, -0.35
757, 0.32, 0.05
758, -1.92, -0.32
759, 1.24, 0.18
760, -0.38, -0.06
761, -0.78, -0.13
762, 0.08, 0.01
763, -0.47, -0.09
764, -0.57, -0.11
765, 1.38, 0.2
766, 0.89, 0.15
767, 0.82, 0.12
768, -0.19, -0.04
769, -0.65, -0.11
770, 0.25, 0.05
771, 1.7, 0.34
772, 1.33, 0.27
773, -1.66, -0.33
774, 1.16, 0.19
775, -0.6, -0.1
776, 1.42, 0.24
777, 4.22, 0.7
778, -0.03, -0.01
779, 0.84, 0.14
780, 0.49, 0.08
781, -3.17, -0.45
782, -1.02, -0.15
783, 3.43, 0.57
784, -1.09, -0.22
785, -0.52, -0.07
786, 0.16, 0.03
787, -1.05, -0.21
788, -0.65, -0.13
789, -2.53, -0.36
790, -0.73, -0.15
791, -0.84, -0.14
792, 2.23, 0.32
793, -2.27, -0.32
794, -0.52, -0.13
795, 0.24, 0.05
796, -0.72, -0.12
797, 1.47, 0.29
798, 1.14, 0.16
799, -0.13, -0.02
800, 1.09, 0.18
801, 2.78, 0.4
802, -2.19, -0.31
803, 0.17, 0.03
804, -1.96, -0.33
805, 0.28, 0.05
806, -0.58, -0.14
807, -0.3, -0.04
808, -2.22, -0.37
809, 1.93, 0.28
810, -1.45, -0.29
811, 0.59, 0.08
812, 0.27, 0.04
813, -1.77, -0.3
814, -1.41, -0.28
815, 1.35, 0.23
816, -1.09, -0.22
817, -0.22, -0.04
818, -1.87, -0.31
819, 2.09, 0.3
820, -0.25, -0.06
821, -1.53, -0.22
822, 0.14, 0.03
823, -2.16, -0.36
824, 0.96, 0.19
825, 0.11, 0.02
826, -1.49, -0.37
827, 1.38, 0.23
828, -2.12, -0.35
829, 0.55, 0.09
830, 2.24, 0.56
831, -1.57, -0.22
832, 0.9, 0.15
833, 0.99, 0.2
834, 0.67, 0.13
835, 0.35, 0.06
836, 1.04, 0.26
837, 0.19, 0.04
838, -1.73, -0.25
839, -1.41, -0.2
840, 1.02, 0.17
841, 2.01, 0.4
842, 0.17, 0.03
843, -2.2, -0.73
844, -2.28, -0.57
845, -0.71, -0.1
846, 0.73, 0.12
847, -0.42, -0.06
848, -1.98, -0.33
849, 1.29, 0.21
850, 1.88, 0.38
851, 1.93, 0.39
852, 0.31, 0.05
853, -0.58, -0.1
854, -0.55, -0.09
855, 1.84, 0.31
856, 1.12, 0.19
857, 0.54, 0.09
858, -1.25, -0.18
859, -1.5, -0.25
860, -0.0, -0.0
861, -0.58, -0.08
862, -1.78, -0.3
863, -0.22, -0.04
864, 0.78, 0.19
865, -0.47, -0.09
866, -1.28, -0.21
867, -1.4, -0.23
868, -1.3, -0.22
869, 0.89, 0.18
870, -1.44, -0.24
871, -3.41, -0.49
872, -1.42, -0.24
873, 1.26, 0.21
874, 1.43, 0.24
875, 0.88, 0.17
876, -2.58, -0.37
877, -0.47, -0.08
878, 1.36, 0.19
879, 1.95, 0.28
880, 0.4, 0.08
881, -0.26, -0.05
882, 0.92, 0.13
883, -1.51, -0.3
884, -0.42, -0.1
885, -1.05, -0.21
886, -1.94, -0.32
887, -0.05, -0.01
888, 0.89, 0.15
889, 2.14, 0.31
890, -1.25, -0.31
891, -0.38, -0.09
892, 1.59, 0.23
893, -0.33, -0.05
894, -0.67, -0.1
895, 1.06, 0.21
896, 0.32, 0.08
897, 0.96, 0.14
898, 1.14, 0.16
899, 1.75, 0.35
900, 2.23, 0.32
901, -0.15, -0.02
902, -1.78, -0.3
903, 0.13, 0.02
904, -0.06, -0.01
905, -1.64, -0.41
906, 0.36, 0.06
907, -2.57, -0.43
908, 0.05, 0.01
909, -0.16, -0.03
910, 1.54, 0.22
911, 1.68, 0.34
912, 1.15, 0.19
913, 2.57, 0.51
914, -2.07, -0.3
915, -3.32, -0.47
916, -0.97, -0.19
917, -1.52, -0.3
918, 0.93, 0.15
919, -1.23, -0.18
920, -1.66, -0.24
921, 0.73, 0.18
922, 0.39, 0.07
923, 0.49, 0.07
924, 1.02, 0.2
925, 1.33, 0.33
926, 1.3, 0.19
927, 0.31, 0.06
928, -1.13, -0.19
929, 1.14, 0.16
930, -1.69, -0.28
931, -0.69, -0.1
932, 2.15, 0.43
933, 0.68, 0.14
934, -1.98, -0.28
935, 0.2, 0.04
936, -0.24, -0.03
937, -0.03, -0.0
938, -0.03, -0.0
939, -0.59, -0.1
940, -2.5, -0.5
941, -1.58, -0.32
942, -1.21, -0.24
943, -0.02, -0.0
944, -1.02, -0.2
945, 0.66, 0.09
946, 0.9, 0.15
947, -0.65, -0.09
948, -1.44, -0.21
949, -0.26, -0.04
950, 0.45, 0.09
951, 0.35, 0.06
952, 0.15, 0.03
953, 0.86, 0.14
954, 1.14, 0.19
955, 0.51, 0.08
956, 1.06, 0.18
957, -0.62, -0.1
958, 0.96, 0.16
959, -0.94, -0.13
960, -0.02, -0.0
961, 0.26, 0.05
962, 0.7, 0.12
963, -1.38, -0.23
964, -0.29, -0.05
965, -2.22, -0.32
966, -2.25, -0.38
967, 1.6, 0.4
968, -0.51, -0.08
969, -0.93, -0.19
970, 0.34, 0.08
971, 1.34, 0.19
972, -1.76, -0.35
973, 0.04, 0.01
974, 1.98, 0.28
975, -0.09, -0.02
976, -0.5, -0.07
977, -0.37, -0.05
978, -1.38, -0.23
979, -1.92, -0.38
980, 2.21, 0.32
981, 2.47, 0.49
982, 0.52, 0.07
983, 2.32, 0.46
984, -0.93, -0.13
985, -0.69, -0.11
986, 1.89, 0.31
987, -2.43, -0.35
988, 0.24, 0.03
989, -0.97, -0.16
990, -2.88, -0.41
991, -1.01, -0.2
992, -0.31, -0.06
993, -0.48, -0.12
994, 1.47, 0.21
995, 1.05, 0.15
996, -0.48, -0.1
997, 2.2, 0.55
998, -3.12, -0.62
999, 0.02, 0.0
1000, 0.14, 0.02
1001, -2.62, -0.44
1002, -1.4, -0.23
1003, -1.11, -0.16
1004, 1.12, 0.28
1005, -2.6, -0.37
1006, 0.84, 0.17
1007, 0.23, 0.05
1008, -0.77, -0.13
1009, 0.37, 0.06
1010, -1.59, -0.26
1011, -1.4, -0.28
1012, -1.2, -0.24
1013, 0.97, 0.16
1014, 0.76, 0.13
1015, -0.24, -0.05
1016, 0.6, 0.12
1017, 0.43, 0.06
1018, -1.95, -0.39
1019, -0.03, -0.0
1020, 0.78, 0.11
1021, -0.79, -0.2
1022, 0.8, 0.11
1023, 1.0, 0.17
1024, -1.57, -0.22
1025, 1.87, 0.31
1026, 0.01, 0.0
1027, -0.14, -0.02
1028, 0.93, 0.19
1029, 0.21, 0.03
1030, -1.23, -0.21
1031, 0.26, 0.04
1032, -2.52, -0.42
1033, 0.08, 0.01
1034, -1.06, -0.15
1035, 1.62, 0.23
1036, 0.28, 0.04
1037, -0.6, -0.1
1038, 0.38, 0.08
1039, -0.27, -0.05
1040, 1.26, 0.21
1041, -0.32, -0.06
1042, -3.77, -0.54
1043, 0.6, 0.1
1044, -0.22, -0.04
1045, 1.52, 0.22
1046, 0.49, 0.07
1047, -1.36, -0.23
1048, -2.74, -0.46
1049, 1.13, 0.19
1050, 0.04, 0.01
1051, 0.95, 0.19
1052, 0.98, 0.16
1053, -0.3, -0.06
1054, 0.1, 0.01
1055, 0.04, 0.01
1056, -0.75, -0.11
1057, 2.6, 0.43
1058, 0.31, 0.05
1059, -2.18, -0.36
1060, -0.23, -0.05
1061, -1.71, -0.43
1062, -3.27, -0.65
1063, -1.09, -0.18
1064, -1.45, -0.24
1065, 0.67, 0.11
1066, 1.52, 0.3
1067, -0.15, -0.03
1068, 1.97, 0.28
1069, -2.26, -0.32
1070, 0.66, 0.11
1071, 0.02, 0.0
1072, -0.01, -0.0
1073, -1.64, -0.27
1074, 1.76, 0.25
1075, -0.19, -0.03
1076, 2.92, 0.49
1077, 0.34, 0.06
1078, 1.85, 0.37
1079, 1.47, 0.24
1080, -1.55, -0.22
1081, -0.66, -0.09
1082, 1.6, 0.27
1083, -3.12, -0.62
1084, -1.72, -0.34
1085, 2.44, 0.49
1086, -1.3, -0.19
1087, 0.44, 0.06
1088, -0.17, -0.03
1089, -1.41, -0.2
1090, 4.18, 0.6
1091, -0.49, -0.1
1092, 1.02, 0.17
1093, -0.03, -0.01
1094, -0.42, -0.1
1095, -0.72, -0.12
1096, -1.01, -0.14
1097, 3.44, 0.49
1098, -2.7, -0.45
1099, -1.41, -0.28
1100, 0.43, 0.09
1101, 1.73, 0.35
1102, -0.04, -0.01
1103, 0.68, 0.11
1104, -1.1, -0.18
1105, -2.4, -0.4
1106, -1.91, -0.27
1107, 3.08, 0.44
1108, -1.23, -0.21
1109, -2.09, -0.3
1110, 1.55, 0.31
1111, 1.82, 0.26
1112, 0.48, 0.07
1113, -0.27, -0.05
1114, 2.47, 0.35
1115, -0.23, -0.04
1116, 2.29, 0.38
1117, -1.27, -0.21
1118, -1.18, -0.2
1119, -1.34, -0.45
1120, -0.47, -0.09
1121, 0.42, 0.07
1122, 2.0, 0.29
1123, 0.28, 0.06
1124, 1.15, 0.16
1125, 1.68, 0.24
1126, -1.45, -0.29
1127, -1.21, -0.2
1128, 2.29, 0.57
1129, 0.51, 0.13
1130, 0.79, 0.11
1131, 0.41, 0.07
1132, -2.08, -0.3
1133, -0.9, -0.15
1134, 0.6, 0.12
1135, 0.39, 0.07
1136, -0.75, -0.11
1137, -1.98, -0.33
1138, 0.75, 0.19
1139, -0.42, -0.06
1140, 1.08, 0.15
1141, 0.16, 0.02
1142, -0.89, -0.13
1143, -2.25, -0.32
1144, 1.51, 0.3
1145, -1.5, -0.3
1146, -2.4, -0.34
1147, -0.45, -0.09
1148, -0.93, -0.13
1149, 0.12, 0.02
1150, -0.62, -0.1
1151, 0.13, 0.02
1152, 0.58, 0.08
1153, 0.36, 0.09
1154, -1.28, -0.26
1155, -2.34, -0.33
1156, 0.74, 0.11
1157, -0.94, -0.13
1158, 1.09, 0.22
1159, -1.1, -0.22
1160, -2.3, -0.46
1161, 1.26, 0.25
1162, -0.01, -0.0
1163, 0.14, 0.02
1164, -1.37, -0.23
1165, -0.73, -0.1
1166, 0.42, 0.06
1167, -1.21, -0.2
1168, 1.78, 0.3
1169, -0.17, -0.04
1170, -0.29, -0.04
1171, -0.58, -0.1
1172, -1.39, -0.23
1173, 0.59, 0.08
1174, 1.21, 0.3
1175, 0.36, 0.06
1176, 0.77, 0.19
1177, 1.34, 0.19
1178, -1.31, -0.26
1179, 0.02, 0.0
1180, -0.71, -0.12
1181, -2.31, -0.39
1182, 0.86, 0.14
1183, 0.94, 0.13
1184, -3.68, -0.53
1185, 0.68, 0.1
1186, 1.28, 0.26
1187, -0.08, -0.01
1188, -1.22, -0.24
1189, 1.08, 0.15
1190, 1.6, 0.23
1191, -0.04, -0.01
1192, 2.81, 0.4
1193, 1.08, 0.15
1194, -0.79, -0.13
1195, 1.11, 0.16
1196, -0.04, -0.01
1197, 2.89, 0.41
1198, -2.37, -0.34
1199, -1.48, -0.37
1200, -0.73, -0.1
1201, -0.63, -0.09
1202, 2.29, 0.33
1203, -0.63, -0.09
1204, -0.43, -0.06
1205, 1.95, 0.49
1206, 1.21, 0.2
1207, 0.08, 0.01
1208, -0.88, -0.15
1209, 1.0, 0.14
1210, -2.1, -0.35
1211, 1.67, 0.24
1212, -0.55, -0.09
1213, -1.07, -0.18
1214, -0.82, -0.14
1215, 0.82, 0.2
1216, -0.27, -0.04
1217, -1.06, -0.15
1218, 0.01, 0.0
1219, -1.94, -0.32
1220, -0.22, -0.04
1221, 2.1, 0.3
1222, 2.31, 0.33
1223, -0.7, -0.14
1224, -0.01, -0.0
1225, -1.27, -0.21
1226, 0.73, 0.15
1227, 0.73, 0.1
1228, -0.15, -0.03
1229, 0.01, 0.0
1230, -0.77, -0.13
1231, 0.54, 0.08
1232, -0.89, -0.18
1233, -2.89, -0.48
1234, -0.38, -0.08
1235, -1.93, -0.32
1236, -0.67, -0.11
1237, 0.08, 0.02
1238, -0.51, -0.07
1239, -0.57, -0.1
1240, -0.75, -0.11
1241, 0.08, 0.01
1242, -1.36, -0.27
1243, 0.92, 0.18
1244, -1.36, -0.23
1245, -2.35, -0.34
1246, -0.35, -0.05
1247, 1.17, 0.29
1248, -2.67, -0.38
1249, 1.14, 0.16
1250, -1.84, -0.37
1251, -0.24, -0.04
1252, 1.37, 0.23
1253, 0.01, 0.0
1254, 0.19, 0.03
1255, 0.8, 0.13
1256, 1.07, 0.18
1257, 0.82, 0.12
1258, 0.19, 0.03
1259, 1.73, 0.43
1260, -1.44, -0.21
1261, 3.68, 0.74
1262, 0.28, 0.04
1263, 0.5, 0.08
1264, 0.47, 0.09
1265, 0.28, 0.09
1266, -0.31, -0.05
1267, -1.82, -0.3
1268, 0.69, 0.12
1269, -0.16, -0.02
1270, 1.56, 0.26
1271, 0.26, 0.04
1272, 1.79, 0.3
1273, -1.27, -0.42
1274, 0.65, 0.09
1275, 0.73, 0.12
1276, -1.88, -0.31
1277, -0.83, -0.12
1278, -0.02, -0.0
1279, -0.79, -0.11
1280, 0.43, 0.06
1281, -1.24, -0.21
1282, -1.53, -0.31
1283, -1.5, -0.3
1284, -0.45, -0.07
1285, -3.71, -0.53
1286, 0.85, 0.14
1287, 1.02, 0.17
1288, 2.57, 0.37
1289, -1.0, -0.17
1290, -1.29, -0.26
1291, -1.01, -0.17
1292, -1.11, -0.18
1293, 0.37, 0.05
1294, 0.45, 0.06
1295, 1.29, 0.21
1296, -0.15, -0.02
1297, -0.51, -0.08
1298, -0.54, -0.09
1299, 0.93, 0.19
1300, -0.87, -0.12
1301, -0.15, -0.02
1302, 0.11, 0.02
1303, -3.5, -0.5
1304, -0.54, -0.09
1305, 1.16, 0.23
1306, 1.94, 0.32
1307, 1.76, 0.35
1308, -1.92, -0.27
1309, -2.08, -0.35
1310, 1.0, 0.2
1311, 3.12, 0.45
1312, -2.37, -0.47
1313, -1.02, -0.15
1314, -0.58, -0.14
1315, 0.04, 0.01
1316, -2.11, -0.35
1317, -1.85, -0.26
1318, -0.01, -0.0
1319, -1.08, -0.15
1320, -0.53, -0.08
1321, -1.98, -0.4
1322, 1.12, 0.19
1323, -0.08, -0.01
1324, -1.1, -0.18
1325, 0.82, 0.14
1326, -3.63, -0.52
1327, 0.88, 0.13
1328, -0.74, -0.12
1329, -0.03, -0.0
1330, 0.17, 0.02
1331, 0.36, 0.06
1332, -1.53, -0.22
1333, -1.88, -0.31
1334, -0.81, -0.16
1335, 0.92, 0.18
1336, -0.2, -0.07
1337, 1.88, 0.38
1338, -1.06, -0.18
1339, -0.35, -0.07
1340, 0.63, 0.1
1341, 0.46, 0.07
1342, -1.44, -0.21
1343, -2.56, -0.43
1344, -1.33, -0.19
1345, 2.05, 0.41
1346, -0.21, -0.03
1347, 0.46, 0.08
1348, 0.72, 0.12
1349, -0.13, -0.02
1350, 0.84, 0.12
1351, 1.11, 0.19
1352, -0.66, -0.09
1353, -0.51, -0.1
1354, 0.75, 0.13
1355, 1.94, 0.39
1356, 1.08, 0.22
1357, 1.69, 0.34
1358, 1.47, 0.25
1359, 1.1, 0.22
1360, 0.72, 0.14
1361, -2.64, -0.53
1362, 2.23, 0.37
1363, -0.35, -0.06
1364, 3.27, 0.55
1365, -0.07, -0.01
1366, -0.37, -0.05
1367, -0.42, -0.1
1368, 2.29, 0.33
1369, -2.53, -0.36
1370, 0.4, 0.06
1371, -2.1, -0.42
1372, -0.23, -0.06
1373, 0.93, 0.16
1374, 1.46, 0.24
1375, -0.77, -0.11
1376, 0.81, 0.14
1377, 0.06, 0.02
1378, 1.2, 0.24
1379, 2.23, 0.37
1380, -0.18, -0.03
1381, -2.33, -0.39
1382, 1.04, 0.26
1383, 1.42, 0.24
1384, 1.09, 0.27
1385, -0.47, -0.09
1386, -0.37, -0.07
1387, 0.5, 0.08
1388, -1.98, -0.4
1389, 0.28, 0.04
1390, 2.96, 0.49
1391, 1.68, 0.28
1392, 1.57, 0.31
1393, 0.61, 0.12
1394, 2.07, 0.35
1395, -0.43, -0.06
1396, 1.1, 0.18
1397, -2.54, -0.42
1398, 1.9, 0.27
1399, -0.2, -0.04
1400, -2.62, -0.37
1401, 1.7, 0.24
1402, 1.87, 0.47
1403, -1.19, -0.17
1404, -0.97, -0.16
1405, -1.17, -0.29
1406, 1.85, 0.26
1407, 0.89, 0.22
1408, 2.85, 0.48
1409, -3.86, -0.55
1410, -1.54, -0.39
1411, 2.28, 0.57
1412, 1.6, 0.23
1413, 0.42, 0.08
1414, 1.3, 0.26
1415, -1.78, -0.36
1416, -0.55, -0.08
1417, -1.81, -0.3
1418, 1.4, 0.2
1419, 0.7, 0.12
1420, -2.43, -0.35
1421, 0.36, 0.06
1422, 1.01, 0.17
1423, 0.45, 0.11
1424, 0.36, 0.05
1425, -2.75, -0.46
1426, 2.12, 0.35
1427, 1.48, 0.3
1428, -1.83, -0.26
1429, -1.3, -0.22
1430, -1.44, -0.29
1431, 0.06, 0.01
1432, 1.08, 0.22
1433, 0.52, 0.09
1434, -1.66, -0.33
1435, -0.69, -0.11
1436, -1.71, -0.28
1437, -0.21, -0.04
1438, -1.84, -0.26
1439, -1.73, -0.29
1440, 2.38, 0.4
1441, 0.37, 0.06
1442, -1.4, -0.28
1443, 0.93, 0.13
1444, -0.77, -0.11
1445, 0.13, 0.03
1446, -2.57, -0.51
1447, 0.79, 0.16
1448, -0.61, -0.09
1449, -1.63, -0.27
1450, 1.55, 0.31
1451, 3.15, 0.63
1452, 1.35, 0.19
1453, -2.67, -0.53
1454, -1.14, -0.19
1455, 2.15, 0.36
1456, -0.95, -0.19
1457, -0.0, -0.0
1458, 3.34, 0.67
1459, -0.9, -0.18
1460, -2.51, -0.63
1461, 1.17, 0.17
1462, 2.18, 0.31
1463, 0.35, 0.06
1464, 1.36, 0.19
1465, 0.85, 0.14
1466, 0.19, 0.04
1467, 1.5, 0.21
1468, 0.7, 0.12
1469, -0.37, -0.05
1470, -1.25, -0.25
1471, -0.01, -0.0
1472, -0.02, -0.0
1473, -0.88, -0.18
1474, 2.5, 0.36
1475, -0.57, -0.11
1476, 0.63, 0.1
1477, 0.91, 0.15
1478, 0.62, 0.09
1479, 1.85, 0.31
1480, 3.08, 0.51
1481, 0.81, 0.14
1482, -0.92, -0.31
1483, 0.68, 0.14
1484, 0.62, 0.09
1485, 1.64, 0.23
1486, -1.78, -0.3
1487, 0.11, 0.02
1488, -1.36, -0.23
1489, -4.12, -0.59
1490, -0.17, -0.02
1491, -0.14, -0.02
1492, -0.4, -0.06
1493, -1.12, -0.19
1494, -0.15, -0.02
1495, 0.6, 0.1
1496, 0.92, 0.15
1497, 0.31, 0.04
1498, 2.21, 0.32
1499, 0.54, 0.09
1500, -1.3, -0.19
1501, -0.04, -0.01
1502, 1.98, 0.28
1503, -0.84, -0.14
1504, -1.12, -0.16
1505, 0.85, 0.12
1506, -0.12, -0.02
1507, 0.63, 0.09
1508, -1.66, -0.24
1509, -1.46, -0.24
1510, 0.08, 0.01
1511, 1.99, 0.33
1512, -0.71, -0.12
1513, -0.64, -0.09
1514, 0.89, 0.15
1515, -1.1, -0.18
1516, 0.46, 0.08
1517, 1.19, 0.2
1518, -1.75, -0.25
1519, 0.29, 0.05
1520, -1.92, -0.38
1521, 0.89, 0.13
1522, 1.63, 0.23
1523, -0.55, -0.14
1524, -0.91, -0.15
1525, 0.14, 0.02
1526, 2.1, 0.35
1527, -1.33, -0.22
1528, -0.57, -0.09
1529, 1.46, 0.29
1530, 1.63, 0.27
1531, -1.17, -0.19
1532, 0.88, 0.18
1533, -0.88, -0.13
1534, -0.25, -0.06
1535, 0.46, 0.09
1536, -0.68, -0.11
1537, -2.23, -0.37
1538, 0.6, 0.12
1539, 1.11, 0.28
1540, 1.6, 0.32
1541, 0.91, 0.15
1542, -1.12, -0.16
1543, 0.79, 0.13
1544, -1.29, -0.21
1545, 0.52, 0.09
1546, 0.11, 0.02
1547, 0.42, 0.06
1548, -4.03, -0.58
1549, -1.3, -0.26
1550, 0.05, 0.01
1551, 1.52, 0.25
1552, 0.71, 0.14
1553, 1.58, 0.26
1554, -0.51, -0.07
1555, 1.81, 0.3
1556, -0.36, -0.06
1557, -2.1, -0.3
1558, -1.89, -0.38
1559, 1.16, 0.19
1560, 0.7, 0.1
1561, -0.47, -0.09
1562, -1.34, -0.22
1563, 0.08, 0.01
1564, -0.87, -0.14
1565, 0.94, 0.13
1566, 1.19, 0.2
1567, -0.65, -0.13
1568, -0.71, -0.1
1569, -1.55, -0.22
1570, 0.32, 0.08
1571, 0.7, 0.12
1572, 0.79, 0.16
1573, 0.4, 0.07
1574, -2.17, -0.36
1575, -0.5, -0.08
1576, 3.5, 0.58
1577, -1.35, -0.27
1578, -2.68, -0.45
1579, 0.96, 0.24
1580, -0.3, -0.04
1581, 2.19, 0.31
1582, -2.99, -0.43
1583, 1.1, 0.22
1584, -0.98, -0.16
1585, 1.67, 0.28
1586, -0.04, -0.01
1587, 1.16, 0.23
1588, -3.15, -0.52
1589, -0.21, -0.05
1590, -1.05, -0.21
1591, -2.36, -0.47
1592, 0.21, 0.03
1593, -1.1, -0.16
1594, -1.8, -0.36
1595, 0.58, 0.08
1596, -1.24, -0.21
1597, 0.05, 0.01
1598, -1.0, -0.17
1599, -0.14, -0.03
1600, -0.69, -0.12
1601, 0.18, 0.04
1602, 0.73, 0.1
1603, 2.46, 0.61
1604, 0.68, 0.11
1605, 1.32, 0.26
1606, 1.56, 0.22
1607, -2.37, -0.34
1608, -0.52, -0.07
1609, -3.37, -0.84
1610, 1.8, 0.26
1611, -2.77, -0.4
1612, -1.57, -0.22
1613, 0.27, 0.05
1614, -0.53, -0.09
1615, 1.26, 0.18
1616, -0.68, -0.11
1617, -1.82, -0.46
1618, -0.75, -0.13
1619, -0.29, -0.05
1620, 0.47, 0.08
1621, 1.29, 0.21
1622, 0.7, 0.1
1623, 0.5, 0.12
1624, 0.92, 0.15
1625, -0.49, -0.1
1626, 0.89, 0.15
1627, 0.61, 0.1
1628, -2.42, -0.4
1629, 1.39, 0.2
1630, -0.87, -0.15
1631, -0.29, -0.04
1632, -0.83, -0.12
1633, -0.86, -0.14
1634, 1.21, 0.17
1635, -0.85, -0.12
1636, 0.65, 0.13
1637, 0.14, 0.03
1638, 0.65, 0.09
1639, -0.61, -0.1
1640, 1.86, 0.31
1641, -0.48, -0.08
1642, -0.81, -0.16
1643, -0.07, -0.01
1644, -0.37, -0.05
1645, -1.75, -0.35
1646, 0.5, 0.1
1647, -1.93, -0.32
1648, -1.96, -0.28
1649, 1.48, 0.25
1650, -0.74, -0.12
1651, -1.65, -0.24
1652, 2.27, 0.32
1653, 0.01, 0.0
1654, -2.26, -0.38
1655, 0.27, 0.04
1656, 2.14, 0.43
1657, -1.67, -0.28
1658, 0.18, 0.03
1659, -0.45, -0.07
1660, 2.03, 0.34
1661, 1.09, 0.16
1662, -2.42, -0.4
1663, 0.2, 0.04
1664, 1.48, 0.3
1665, -2.44, -0.41
1666, -1.71, -0.24
1667, 0.45, 0.06
1668, -0.74, -0.12
1669, 2.86, 0.48
1670, -2.86, -0.48
1671, 0.08, 0.01
1672, 0.43, 0.07
1673, -2.96, -0.49
1674, -0.95, -0.24
1675, -0.28, -0.04
1676, 2.68, 0.45
1677, -1.14, -0.19
1678, 0.17, 0.03
1679, 0.17, 0.03
1680, 0.52, 0.09
1681, 1.54, 0.31
1682, -1.17, -0.17
1683, -1.44, -0.24
1684, 0.9, 0.15
1685, 1.46, 0.21
1686, 1.51, 0.22
1687, 0.54, 0.11
1688, -1.8, -0.3
1689, 0.29, 0.05
1690, -0.92, -0.13
1691, -1.32, -0.26
1692, 0.16, 0.03
1693, -1.92, -0.32
1694, -0.65, -0.09
1695, 0.63, 0.09
1696, 2.21, 0.44
1697, -0.34, -0.07
1698, 0.76, 0.13
1699, -3.06, -0.51
1700, -0.61, -0.1
1701, 1.59, 0.26
1702, -2.21, -0.32
1703, -1.44, -0.21
1704, 2.25, 0.38
1705, -0.31, -0.04
1706, -1.03, -0.21
1707, -0.51, -0.07
1708, 1.33, 0.19
1709, 0.57, 0.08
1710, -0.98, -0.25
1711, 0.51, 0.08
1712, -1.13, -0.19
1713, -0.28, -0.07
1714, 1.51, 0.38
1715, -0.67, -0.13
1716, -0.92, -0.13
1717, 2.92, 0.42
1718, 0.44, 0.09
1719, 0.34, 0.05
1720, 0.34, 0.07
1721, -2.05, -0.34
1722, 0.04, 0.01
1723, 0.89, 0.3
1724, -1.3, -0.22
1725, -0.92, -0.23
1726, 2.27, 0.57
1727, -2.23, -0.32
1728, -2.24, -0.37
1729, 1.59, 0.26
1730, 0.23, 0.04
1731, 1.22, 0.3
1732, -1.53, -0.38
1733, -0.85, -0.14
1734, -1.01, -0.14
1735, -0.98, -0.25
1736, 0.45, 0.09
1737, -0.78, -0.13
1738, 0.23, 0.03
1739, 0.21, 0.05
1740, -0.63, -0.1
1741, -2.02, -0.34
1742, 2.17, 0.36
1743, 1.24, 0.21
1744, -0.8, -0.13
1745, -0.16, -0.02
1746, 0.15, 0.02
1747, 0.55, 0.08
1748, 1.91, 0.38
1749, -0.82, -0.14
1750, 0.44, 0.07
1751, 0.05, 0.01
1752, 0.41, 0.07
1753, 0.46, 0.08
1754, -0.83, -0.17
1755, -0.3, -0.04
1756, -0.41, -0.07
1757, -0.46, -0.07
1758, 1.03, 0.15
1759, -0.05, -0.01
1760, -0.7, -0.12
1761, -1.91, -0.27
1762, -0.92, -0.13
1763, -1.91, -0.48
1764, -0.3, -0.06
1765, -3.13, -0.45
1766, 1.02, 0.17
1767, 1.49, 0.21
1768, 1.33, 0.19
1769, 0.97, 0.19
1770, -1.72, -0.29
1771, -0.52, -0.07
1772, 1.28, 0.26
1773, -0.92, -0.18
1774, -2.75, -0.39
1775, -1.38, -0.23
1776, 2.27, 0.38
1777, -0.88, -0.13
1778, 0.74, 0.15
1779, 0.36, 0.09
1780, -1.57, -0.26
1781, -0.77, -0.11
1782, 0.09, 0.02
1783, -0.36, -0.06
1784, 1.36, 0.2
1785, 1.89, 0.31
1786, -1.41, -0.24
1787, 0.17, 0.03
1788, -2.93, -0.42
1789, -0.75, -0.11
1790, -2.39, -0.34
1791, -0.38, -0.05
1792, -0.63, -0.16
1793, -0.18, -0.03
1794, 2.21, 0.37
1795, -1.29, -0.21
1796, 1.87, 0.37
1797, 3.58, 0.6
1798, 1.01, 0.14
1799, 0.14, 0.02
1800, -1.1, -0.16
1801, 1.01, 0.34
1802, -2.65, -0.44
1803, 1.93, 0.39
1804, 2.41, 0.4
1805, 0.98, 0.25
1806, -0.3, -0.05
1807, -1.28, -0.26
1808, -0.73, -0.18
1809, -2.83, -0.4
1810, 0.93, 0.19
1811, 2.06, 0.41
1812, -0.18, -0.04
1813, -0.02, -0.0
1814, -1.01, -0.2
1815, -1.5, -0.25
1816, 2.23, 0.32
1817, -0.93, -0.16
1818, 0.89, 0.15
1819, 0.58, 0.12
1820, 0.95, 0.14
1821, -0.95, -0.14
1822, -1.35, -0.27
1823, -0.71, -0.12
1824, -1.91, -0.32
1825, -0.99, -0.2
1826, 1.43, 0.36
1827, -0.86, -0.17
1828, 1.45, 0.21
1829, 1.54, 0.26
1830, 1.64, 0.23
1831, -0.73, -0.15
1832, -1.91, -0.38
1833, -0.19, -0.03
1834, 0.86, 0.14
1835, -1.13, -0.16
1836, 0.57, 0.1
1837, 2.37, 0.39
1838, -1.03, -0.17
1839, 0.21, 0.04
1840, -0.86, -0.14
1841, 2.4, 0.34
1842, 3.14, 0.52
1843, -0.94, -0.19
1844, -1.88, -0.27
1845, -2.04, -0.41
1846, 0.58, 0.1
1847, 1.23, 0.18
1848, 1.26, 0.21
1849, 1.16, 0.17
1850, -2.39, -0.4
1851, -1.98, -0.28
1852, 1.8, 0.3
1853, -0.84, -0.14
1854, 0.79, 0.13
1855, 0.66, 0.13
1856, -3.54, -0.59
1857, -0.97, -0.16
1858, -0.21, -0.04
1859, -0.06, -0.01
1860, 0.79, 0.13
1861, -0.31, -0.04
1862, -0.61, -0.09
1863, 1.42, 0.28
1864, 1.16, 0.19
1865, 1.34, 0.27
1866, 1.81, 0.3
1867, -1.47, -0.24
1868, 0.31, 0.1
1869, 0.64, 0.09
1870, 0.52, 0.09
1871, -1.27, -0.25
1872, -0.38, -0.09
1873, 1.32, 0.19
1874, 0.87, 0.14
1875, -2.26, -0.32
1876, 3.14, 0.52
1877, 0.97, 0.14
1878, -2.27, -0.32
1879, -0.45, -0.11
1880, 0.63, 0.09
1881, -1.23, -0.2
1882, 1.51, 0.3
1883, 1.5, 0.3
1884, -1.85, -0.26
1885, 1.44, 0.36
1886, -1.41, -0.35
1887, 1.25, 0.25
1888, -0.59, -0.08
1889, -1.03, -0.15
1890, -0.9, -0.13
1891, -1.84, -0.26
1892, 0.72, 0.12
1893, 2.92, 0.49
1894, 0.91, 0.18
1895, -0.8, -0.4
1896, -0.5, -0.08
1897, -0.95, -0.16
1898, -1.5, -0.3
1899, 0.32, 0.05
1900, -3.84, -0.64
1901, 1.36, 0.27
1902, 2.05, 0.34
1903, -2.39, -0.4
1904, -0.11, -0.02
1905, 1.62, 0.27
1906, -2.44, -0.35
1907, 0.14, 0.03
1908, -1.96, -0.39
1909, -1.05, -0.15
1910, -0.61, -0.09
1911, -0.58, -0.08
1912, 0.01, 0.0
1913, 0.31, 0.05
1914, -0.41, -0.08
1915, 0.26, 0.04
1916, 1.12, 0.16
1917, 0.77, 0.13
1918, 0.82, 0.14
1919, -0.47, -0.07
1920, -1.37, -0.27
1921, -0.09, -0.01
1922, -0.1, -0.01
1923, -0.29, -0.05
1924, 0.92, 0.15
1925, 0.77, 0.11
1926, -0.31, -0.05
1927, 0.94, 0.13
1928, -0.64, -0.16
1929, 1.2, 0.17
1930, -0.17, -0.03
1931, 0.88, 0.18
1932, -0.64, -0.11
1933, 0.37, 0.05
1934, -0.59, -0.08
1935, 1.33, 0.22
1936, -0.23, -0.05
1937, -0.01, -0.0
1938, 0.15, 0.02
1939, 2.6, 0.52
1940, 0.08, 0.01
1941, 1.39, 0.2
1942, -0.83, -0.17
1943, 1.65, 0.33
1944, 0.31, 0.04
1945, -0.15, -0.02
1946, -1.1, -0.18
1947, -1.62, -0.27
1948, -1.16, -0.19
1949, -1.53, -0.25
1950, -0.09, -0.02
1951, -0.9, -0.13
1952, -1.31, -0.26
1953, 2.46, 0.49
1954, -0.31, -0.04
1955, -3.43, -0.49
1956, 0.66, 0.16
1957, -0.59, -0.1
1958, 0.51, 0.09
1959, 0.1, 0.02
1960, -0.88, -0.15
1961, 0.58, 0.08
1962, 0.41, 0.06
1963, 0.89, 0.22
1964, -2.43, -0.41
1965, 0.72, 0.1
1966, -1.77, -0.44
1967, -2.32, -0.33
1968, -1.07, -0.18
1969, -1.57, -0.39
1970, 1.35, 0.23
1971, 0.67, 0.1
1972, 1.23, 0.2
1973, 0.56, 0.11
1974, -1.24, -0.25
1975, -1.78, -0.36
1976, -0.98, -0.16
1977, -0.06, -0.01
1978, -1.09, -0.22
1979, -2.63, -0.38
1980, 0.97, 0.16
1981, -2.53, -0.42
1982, 1.1, 0.18
1983, -0.96, -0.14
1984, 1.06, 0.21
1985, 2.28, 0.46
1986, -0.99, -0.2
1987, 1.68, 0.24
1988, -2.55, -0.36
1989, -0.09, -0.03
1990, 3.12, 0.62
1991, -2.37, -0.34
1992, -1.82, -0.26
1993, -2.15, -0.36
1994, 0.94, 0.16
1995, 0.59, 0.08
1996, 0.19, 0.03
1997, -0.28, -0.04
1998, 1.98, 0.33
1999, 0.74, 0.11
2000, -1.57, -0.31
